"key","scientificName","decimalLatitude","decimalLongitude","issues","datasetKey","publishingOrgKey","installationKey","publishingCountry","protocol","lastCrawled","lastParsed","crawlId","hostingOrganizationKey","basisOfRecord","occurrenceStatus","taxonKey","kingdomKey","phylumKey","classKey","orderKey","familyKey","genusKey","speciesKey","acceptedTaxonKey","acceptedScientificName","kingdom","phylum","order","family","genus","species","genericName","specificEpithet","taxonRank","taxonomicStatus","dateIdentified","coordinateuncertaintyinmeters","stateProvince","year","month","day","eventDate","modified","lastInterpreted","references","license","isInCluster","geodeticDatum","class","countryCode","country","rightsHolder","identifier","http...unknown.org.nick","verbatimEventDate","datasetName","gbifID","verbatimLocality","collectionCode","occurrenceID","taxonID","catalogNumber","recordedBy","http...unknown.org.occurrenceDetails","institutionCode","rights","eventTime","identifiedBy","identificationID","individualCount","vernacularName","dataGeneralizations","taxonConceptID","locality","occurrenceRemarks","depth","depthAccuracy","institutionKey","fieldNumber","continent","collectionKey","preparations","higherGeography","projectId","programmeAcronym","eventID","samplingEffort","samplingProtocol","datasetID","language","otherCatalogNumbers","locationRemarks","waterBody","habitat","institutionID","endDayOfYear","type","startDayOfYear","higherClassification","islandGroup","identificationVerificationStatus","locationAccordingTo","identificationRemarks","georeferencedDate","nomenclaturalCode","georeferencedBy","georeferenceProtocol","georeferenceVerificationStatus","organismID","previousIdentifications","identificationQualifier","accessRights","collectionID","georeferenceSources","dynamicProperties","higherGeographyID","verbatimCoordinateSystem","georeferenceRemarks","disposition","ownerInstitutionCode","coordinatePrecision","earliestAgeOrLowestStage","associatedReferences","namePublishedInYear","lithostratigraphicTerms","verbatimTaxonRank","locationID","bibliographicCitation","lifeStage","organismQuantity","organismQuantityType","http...rs.tdwg.org.dwc.terms.organismQuantity","http...rs.tdwg.org.dwc.terms.organismQuantityType","parentNameUsage","name"
1914242197,"Charonia tritonis (Linnaeus, 1758)",-15.615108,167.03832,"cdround,gass84","50c9509d-22c7-4a22-a47d-8c48425ef4a7","28eb1a3f-1c15-4a95-931a-4af90ecb574d","997448a8-f762-11e1-a439-00145eb45e9a","US","DWC_ARCHIVE","2021-05-18T09:31:41.707+00:00","2021-05-18T12:25:17.191+00:00",265,"28eb1a3f-1c15-4a95-931a-4af90ecb574d","HUMAN_OBSERVATION","PRESENT",5192644,1,52,225,7390893,9252056,3246910,5192644,5192644,"Charonia tritonis (Linnaeus, 1758)","Animalia","Mollusca","Littorinimorpha","Charoniidae","Charonia","Charonia tritonis","Charonia","tritonis","SPECIES","ACCEPTED","2018-09-27T04:11:46",303,"Sanma",2018,8,23,"2018-08-23T12:02:00","2021-03-10T10:54:27.000+00:00","2021-05-18T12:25:17.191+00:00","https://www.inaturalist.org/observations/16951812","http://creativecommons.org/licenses/by-nc/4.0/legalcode",FALSE,"WGS84","Gastropoda","VU","Vanuatu","Tony Strazzari","16951812","tonydiver","2018/08/23 12:02 PM AEST","iNaturalist research-grade observations",1914242197,"Luganville, Vanuatu","Observations","https://www.inaturalist.org/observations/16951812","121741","16951812","Tony Strazzari","https://www.inaturalist.org/observations/16951812","iNaturalist","© Tony Strazzari some rights reserved","02:02:00Z","Juan Manuel de Roux",36343979,NA,NA,NA,NA,NA,NA,NA,NA,NA,NA,NA,NA,NA,NA,NA,NA,NA,NA,NA,NA,NA,NA,NA,NA,NA,NA,NA,NA,NA,NA,NA,NA,NA,NA,NA,NA,NA,NA,NA,NA,NA,NA,NA,NA,NA,NA,NA,NA,NA,NA,NA,NA,NA,NA,NA,NA,NA,NA,NA,NA,NA,NA,NA,NA,NA,"Charonia tritonis (Linnaeus, 1758)"
1913681421,"Charonia tritonis (Linnaeus, 1758)",-17.705273,177.224819,"cdround,gass84","50c9509d-22c7-4a22-a47d-8c48425ef4a7","28eb1a3f-1c15-4a95-931a-4af90ecb574d","997448a8-f762-11e1-a439-00145eb45e9a","US","DWC_ARCHIVE","2021-05-18T09:31:41.707+00:00","2021-05-18T12:25:18.616+00:00",265,"28eb1a3f-1c15-4a95-931a-4af90ecb574d","HUMAN_OBSERVATION","PRESENT",5192644,1,52,225,7390893,9252056,3246910,5192644,5192644,"Charonia tritonis (Linnaeus, 1758)","Animalia","Mollusca","Littorinimorpha","Charoniidae","Charonia","Charonia tritonis","Charonia","tritonis","SPECIES","ACCEPTED","2018-09-16T11:28:36",285,"Western",2018,9,10,"2018-09-10T07:34:00","2021-03-10T10:54:34.000+00:00","2021-05-18T12:25:18.616+00:00","https://www.inaturalist.org/observations/16583911","http://creativecommons.org/licenses/by-nc/4.0/legalcode",FALSE,"WGS84","Gastropoda","FJ","Fiji","Robin Laws-Wall","16583911","rlawswall","2018/09/10 7:34 AM AEST","iNaturalist research-grade observations",1913681421,"Navini Island, Fiji","Observations","https://www.inaturalist.org/observations/16583911","121741","16583911","Robin Laws-Wall","https://www.inaturalist.org/observations/16583911","iNaturalist","© Robin Laws-Wall some rights reserved","21:34:00Z","Robin Laws-Wall",35613887,NA,NA,NA,NA,NA,NA,NA,NA,NA,NA,NA,NA,NA,NA,NA,NA,NA,NA,NA,NA,NA,NA,NA,NA,NA,NA,NA,NA,NA,NA,NA,NA,NA,NA,NA,NA,NA,NA,NA,NA,NA,NA,NA,NA,NA,NA,NA,NA,NA,NA,NA,NA,NA,NA,NA,NA,NA,NA,NA,NA,NA,NA,NA,NA,NA,"Charonia tritonis (Linnaeus, 1758)"
1946343793,"Charonia tritonis (Linnaeus, 1758)",-8.400827,151.07141,"cdround,gass84","50c9509d-22c7-4a22-a47d-8c48425ef4a7","28eb1a3f-1c15-4a95-931a-4af90ecb574d","997448a8-f762-11e1-a439-00145eb45e9a","US","DWC_ARCHIVE","2021-05-18T09:31:41.707+00:00","2021-05-18T12:50:36.500+00:00",265,"28eb1a3f-1c15-4a95-931a-4af90ecb574d","HUMAN_OBSERVATION","PRESENT",5192644,1,52,225,7390893,9252056,3246910,5192644,5192644,"Charonia tritonis (Linnaeus, 1758)","Animalia","Mollusca","Littorinimorpha","Charoniidae","Charonia","Charonia tritonis","Charonia","tritonis","SPECIES","ACCEPTED","2018-11-26T22:50:48",1953,"Milne Bay",2018,9,26,"2018-09-26T11:50:00","2020-04-11T01:00:25.000+00:00","2021-05-18T12:50:36.500+00:00","https://www.inaturalist.org/observations/18660755","http://creativecommons.org/licenses/by-nc/4.0/legalcode",FALSE,"WGS84","Gastropoda","PG","Papua New Guinea","Simon Nicholas","18660755","simonnicholas","2018/09/26 11:50 AM +1200","iNaturalist research-grade observations",1946343793,"Kiriwina Island, Papua New Guinea","Observations","https://www.inaturalist.org/observations/18660755","121741","18660755","Simon Nicholas","https://www.inaturalist.org/observations/18660755","iNaturalist","© Simon Nicholas some rights reserved","23:50:00Z","Simon Nicholas",40307388,NA,NA,NA,NA,NA,NA,NA,NA,NA,NA,NA,NA,NA,NA,NA,NA,NA,NA,NA,NA,NA,NA,NA,NA,NA,NA,NA,NA,NA,NA,NA,NA,NA,NA,NA,NA,NA,NA,NA,NA,NA,NA,NA,NA,NA,NA,NA,NA,NA,NA,NA,NA,NA,NA,NA,NA,NA,NA,NA,NA,NA,NA,NA,NA,NA,"Charonia tritonis (Linnaeus, 1758)"
1291143379,"Charonia tritonis (Linnaeus, 1758)",-17.416668,178.666672,"cudc,gass84","50c9509d-22c7-4a22-a47d-8c48425ef4a7","28eb1a3f-1c15-4a95-931a-4af90ecb574d","997448a8-f762-11e1-a439-00145eb45e9a","US","DWC_ARCHIVE","2021-05-18T09:31:41.707+00:00","2021-05-18T12:24:52.471+00:00",265,"28eb1a3f-1c15-4a95-931a-4af90ecb574d","HUMAN_OBSERVATION","PRESENT",5192644,1,52,225,7390893,9252056,3246910,5192644,5192644,"Charonia tritonis (Linnaeus, 1758)","Animalia","Mollusca","Littorinimorpha","Charoniidae","Charonia","Charonia tritonis","Charonia","tritonis","SPECIES","ACCEPTED","2016-07-24T05:09:37",2500,NA,2016,7,10,"2016-07-10T04:21:00","2021-03-10T10:54:18.000+00:00","2021-05-18T12:24:52.471+00:00","https://www.inaturalist.org/observations/3735506","http://creativecommons.org/licenses/by-nc/4.0/legalcode",FALSE,"WGS84","Gastropoda","FJ","Fiji","David R","3735506","davidr","July 10, 2016 04:21","iNaturalist research-grade observations",1291143379,"Vatu-i-ra Channel, Fiji","Observations","http://www.inaturalist.org/observations/3735506","121741","3735506","David R","http://www.inaturalist.org/observations/3735506","iNaturalist","© David R some rights reserved","16:21:00Z","David R",7177168,NA,NA,NA,NA,NA,NA,NA,NA,NA,NA,NA,NA,NA,NA,NA,NA,NA,NA,NA,NA,NA,NA,NA,NA,NA,NA,NA,NA,NA,NA,NA,NA,NA,NA,NA,NA,NA,NA,NA,NA,NA,NA,NA,NA,NA,NA,NA,NA,NA,NA,NA,NA,NA,NA,NA,NA,NA,NA,NA,NA,NA,NA,NA,NA,NA,"Charonia tritonis (Linnaeus, 1758)"
1936737037,"Charonia tritonis (Linnaeus, 1758)",-14.662409,145.450344,"","c6ca96bc-7cf5-4fe7-ac44-d01e06394ef3","770c30d2-c2a8-4bb2-8056-6167297cddae","19893c10-381e-4534-9bb8-6c37d03ad29e","AU","DWC_ARCHIVE","2021-05-07T20:56:00.849+00:00","2021-05-07T20:59:25.429+00:00",170,"3c5e4331-7f2f-4a8d-aa56-81ece7014fc8","HUMAN_OBSERVATION","PRESENT",5192644,1,52,225,7390893,9252056,3246910,5192644,5192644,"Charonia tritonis (Linnaeus, 1758)","Animalia","Mollusca","Littorinimorpha","Charoniidae","Charonia","Charonia tritonis","Charonia","tritonis","SPECIES","ACCEPTED",NA,37.7,"Queensland",2016,8,20,"2016-08-20T00:00:00",NA,"2021-05-07T20:59:25.429+00:00","https://biocache.ala.org.au/occurrences/05a7d954-c744-4e98-8f44-23c412f41805","http://creativecommons.org/licenses/by/4.0/legalcode",FALSE,"WGS84","Gastropoda","AU","Australia",NA,"05a7d954-c744-4e98-8f44-23c412f41805",NA,NA,NA,1936737037,NA,NA,"05a7d954-c744-4e98-8f44-23c412f41805",NA,"urn:lirs.australianmuseum.net.au:identification:2G9MPAsw","Barbara Banks",NA,NA,NA,NA,"Barbara Banks",NA,1,"Giant Triton Shell","Identification aligned to national taxonomy. Originally supplied as [[ Animalia | <not-supplied> | <not-supplied> | <not-supplied> | <not-supplied> | <not-supplied> | Charonia tritonis]]","urn:lsid:biodiversity.org.au:afd.taxon:4ad79fc9-82bf-4275-be82-8b9090a9274a","Clam garden","http://lifg.australianmuseum.net.au/HotSpot.html?identification=2G9MPAsw",NA,NA,NA,NA,NA,NA,NA,NA,NA,NA,NA,NA,NA,NA,NA,NA,NA,NA,NA,NA,NA,NA,NA,NA,NA,NA,NA,NA,NA,NA,NA,NA,NA,NA,NA,NA,NA,NA,NA,NA,NA,NA,NA,NA,NA,NA,NA,NA,NA,NA,NA,NA,NA,NA,NA,NA,NA,NA,NA,"Charonia tritonis (Linnaeus, 1758)"
2814403852,"Charonia tritonis (Linnaeus, 1758)",-14.678182,145.443399,"cdround,gass84","50c9509d-22c7-4a22-a47d-8c48425ef4a7","28eb1a3f-1c15-4a95-931a-4af90ecb574d","997448a8-f762-11e1-a439-00145eb45e9a","US","DWC_ARCHIVE","2021-05-18T09:31:41.707+00:00","2021-05-18T12:51:11.095+00:00",265,"28eb1a3f-1c15-4a95-931a-4af90ecb574d","HUMAN_OBSERVATION","PRESENT",5192644,1,52,225,7390893,9252056,3246910,5192644,5192644,"Charonia tritonis (Linnaeus, 1758)","Animalia","Mollusca","Littorinimorpha","Charoniidae","Charonia","Charonia tritonis","Charonia","tritonis","SPECIES","ACCEPTED","2020-06-29T10:04:57",4,"Queensland",2015,2,17,"2015-02-17T11:10:00","2021-03-10T10:52:54.000+00:00","2021-05-18T12:51:11.095+00:00","https://www.inaturalist.org/observations/51344532","http://creativecommons.org/licenses/by-nc/4.0/legalcode",FALSE,"WGS84","Gastropoda","AU","Australia","Maarten De Brauwer","51344532","mdebrauwer","2015/02/17 11:10 AM AWST","iNaturalist research-grade observations",2814403852,"Lizard QLD 4892, Australia","Observations","https://www.inaturalist.org/observations/51344532","121741","51344532","Maarten De Brauwer","https://www.inaturalist.org/observations/51344532","iNaturalist","© Maarten De Brauwer some rights reserved","03:10:00Z","Maarten De Brauwer",113664038,NA,NA,NA,NA,NA,NA,NA,NA,NA,NA,NA,NA,NA,NA,NA,NA,NA,NA,NA,NA,NA,NA,NA,NA,NA,NA,NA,NA,NA,NA,NA,NA,NA,NA,NA,NA,NA,NA,NA,NA,NA,NA,NA,NA,NA,NA,NA,NA,NA,NA,NA,NA,NA,NA,NA,NA,NA,NA,NA,NA,NA,NA,NA,NA,NA,"Charonia tritonis (Linnaeus, 1758)"
1936755299,"Charonia tritonis (Linnaeus, 1758)",-14.645926,145.453741,"","c6ca96bc-7cf5-4fe7-ac44-d01e06394ef3","770c30d2-c2a8-4bb2-8056-6167297cddae","19893c10-381e-4534-9bb8-6c37d03ad29e","AU","DWC_ARCHIVE","2021-05-07T20:56:00.849+00:00","2021-05-07T20:59:23.597+00:00",170,"3c5e4331-7f2f-4a8d-aa56-81ece7014fc8","HUMAN_OBSERVATION","PRESENT",5192644,1,52,225,7390893,9252056,3246910,5192644,5192644,"Charonia tritonis (Linnaeus, 1758)","Animalia","Mollusca","Littorinimorpha","Charoniidae","Charonia","Charonia tritonis","Charonia","tritonis","SPECIES","ACCEPTED",NA,49.9,"Queensland",2015,10,31,"2015-10-31T00:00:00",NA,"2021-05-07T20:59:23.597+00:00","https://biocache.ala.org.au/occurrences/f6328028-8250-4272-8a07-35828f7a1f58","http://creativecommons.org/licenses/by/4.0/legalcode",FALSE,"WGS84","Gastropoda","AU","Australia",NA,"f6328028-8250-4272-8a07-35828f7a1f58",NA,NA,NA,1936755299,NA,NA,"f6328028-8250-4272-8a07-35828f7a1f58",NA,"urn:lirs.australianmuseum.net.au:identification:EXFgiT9r","Anne Hoggett",NA,NA,NA,NA,"Anne Hoggett",NA,1,"Giant Triton Shell","Identification aligned to national taxonomy. Originally supplied as [[ Animalia | <not-supplied> | <not-supplied> | <not-supplied> | <not-supplied> | <not-supplied> | Charonia tritonis]]","urn:lsid:biodiversity.org.au:afd.taxon:4ad79fc9-82bf-4275-be82-8b9090a9274a","Lizard Island, Queensland","http://lifg.australianmuseum.net.au/HotSpot.html?identification=EXFgiT9r",NA,NA,NA,NA,NA,NA,NA,NA,NA,NA,NA,NA,NA,NA,NA,NA,NA,NA,NA,NA,NA,NA,NA,NA,NA,NA,NA,NA,NA,NA,NA,NA,NA,NA,NA,NA,NA,NA,NA,NA,NA,NA,NA,NA,NA,NA,NA,NA,NA,NA,NA,NA,NA,NA,NA,NA,NA,NA,NA,"Charonia tritonis (Linnaeus, 1758)"
1663454351,"Charonia tritonis (Linnaeus, 1758)",-2.620417,150.529144,"gass84,osiic,incomis,inmafu","0214a6a7-898f-4ee8-b888-0be60ecde81f","2cd829bb-b713-433d-99cf-64bef11e5b3e","86c2834b-fcd6-418d-9b32-aca45110a0fe","FR","DWC_ARCHIVE","2021-05-19T10:51:58.389+00:00","2021-05-19T10:56:30.764+00:00",341,"2cd829bb-b713-433d-99cf-64bef11e5b3e","PRESERVED_SPECIMEN","PRESENT",5192644,1,52,225,7390893,9252056,3246910,5192644,5192644,"Charonia tritonis (Linnaeus, 1758)","Animalia","Mollusca","Littorinimorpha","Charoniidae","Charonia","Charonia tritonis","Charonia","tritonis","SPECIES","ACCEPTED",NA,NA,NA,2014,6,15,"2014-06-15T00:00:00",NA,"2021-05-19T10:56:30.764+00:00",NA,"http://creativecommons.org/licenses/by/4.0/legalcode",FALSE,"WGS84","Gastropoda","PG","Papua New Guinea",NA,"http://coldb.mnhn.fr/catalognumber/mnhn/im/2013-54257",NA,NA,NA,1663454351,"N point of Nubilus I.","IM","http://coldb.mnhn.fr/catalognumber/mnhn/im/2013-54257",NA,"2013-54257",NA,NA,"MNHN",NA,NA,"Sanders M.",NA,1,NA,NA,NA,"Kavieng Lagoon",NA,14,11,"cc3e1f45-e430-4835-951e-4dd33c4b7201","KAVIENG 2014/KR90",NA,NA,NA,NA,NA,NA,NA,NA,NA,NA,NA,NA,NA,NA,NA,NA,NA,NA,NA,NA,NA,NA,NA,NA,NA,NA,NA,NA,NA,NA,NA,NA,NA,NA,NA,NA,NA,NA,NA,NA,NA,NA,NA,NA,NA,NA,NA,NA,NA,NA,NA,NA,NA,NA,NA,"Charonia tritonis (Linnaeus, 1758)"
1663454352,"Charonia tritonis (Linnaeus, 1758)",-2.555567,150.77356,"gass84,osiic,incomis,inmafu","0214a6a7-898f-4ee8-b888-0be60ecde81f","2cd829bb-b713-433d-99cf-64bef11e5b3e","86c2834b-fcd6-418d-9b32-aca45110a0fe","FR","DWC_ARCHIVE","2021-05-19T10:51:58.389+00:00","2021-05-19T10:56:30.777+00:00",341,"2cd829bb-b713-433d-99cf-64bef11e5b3e","PRESERVED_SPECIMEN","PRESENT",5192644,1,52,225,7390893,9252056,3246910,5192644,5192644,"Charonia tritonis (Linnaeus, 1758)","Animalia","Mollusca","Littorinimorpha","Charoniidae","Charonia","Charonia tritonis","Charonia","tritonis","SPECIES","ACCEPTED",NA,NA,NA,2014,6,23,"2014-06-23T00:00:00",NA,"2021-05-19T10:56:30.777+00:00",NA,"http://creativecommons.org/licenses/by/4.0/legalcode",FALSE,"WGS84","Gastropoda","PG","Papua New Guinea",NA,"http://coldb.mnhn.fr/catalognumber/mnhn/im/2013-55255",NA,NA,NA,1663454352,"Echuca Shoal","IM","http://coldb.mnhn.fr/catalognumber/mnhn/im/2013-55255",NA,"2013-55255",NA,NA,"MNHN",NA,NA,NA,NA,1,NA,NA,NA,"Kavieng Lagoon",NA,25,10,"cc3e1f45-e430-4835-951e-4dd33c4b7201","KAVIENG 2014/KR158",NA,NA,NA,NA,NA,NA,NA,NA,NA,NA,NA,NA,NA,NA,NA,NA,NA,NA,NA,NA,NA,NA,NA,NA,NA,NA,NA,NA,NA,NA,NA,NA,NA,NA,NA,NA,NA,NA,NA,NA,NA,NA,NA,NA,NA,NA,NA,NA,NA,NA,NA,NA,NA,NA,NA,"Charonia tritonis (Linnaeus, 1758)"
899692376,"Charonia tritonis (Linnaeus, 1758)",-18.48788,163.09553,"gass84,colmafu,inmafu","85b1cfb6-f762-11e1-a439-00145eb45e9a","8483a1f0-1032-11db-ae00-b8a03c50a862","12fadca0-d638-416d-8cee-6f29ef37a249","US","DWC_ARCHIVE","2021-05-14T21:37:28.223+00:00","2021-05-14T21:44:01.192+00:00",343,"8483a1f0-1032-11db-ae00-b8a03c50a862","PRESERVED_SPECIMEN","PRESENT",5192644,1,52,225,7390893,9252056,3246910,5192644,5192644,"Charonia tritonis (Linnaeus, 1758)","Animalia","Mollusca","Littorinimorpha","Charoniidae","Charonia","Charonia tritonis","Charonia","tritonis","SPECIES","ACCEPTED",NA,NA,"New Caledonia",2013,11,20,"2013-11-20T00:00:00","2021-04-27T19:16:02.000+00:00","2021-05-14T21:44:01.192+00:00",NA,"http://creativecommons.org/licenses/by-nc/4.0/legalcode",FALSE,"WGS84","Gastropoda","NC","New Caledonia",NA,"B4C7D00D-4617-41D0-B09F-AAA5B86DCCA5",NA,NA,NA,899692376,NA,"Invertebrate Zoology","B4C7D00D-4617-41D0-B09F-AAA5B86DCCA5",NA,"476687-Mollusca","Evans, Nathaniel",NA,"UF",NA,NA,NA,NA,NA,NA,NA,NA,"Surprise island",NA,NA,NA,"ab8b25c4-f95e-437b-82df-5aed3c9031ec",NA,"EUROPE","4730346d-0a5b-454c-accd-b9ac7bdf8445","75% ethanol - 9999","France, New Caledonia",NA,NA,NA,NA,NA,NA,NA,NA,NA,NA,NA,NA,NA,NA,NA,NA,NA,NA,NA,NA,NA,NA,NA,NA,NA,NA,NA,NA,NA,NA,NA,NA,NA,NA,NA,NA,NA,NA,NA,NA,NA,NA,NA,NA,NA,NA,NA,NA,NA,NA,NA,"Charonia tritonis (Linnaeus, 1758)"
1653439390,"Charonia tritonis (Linnaeus, 1758)",-14.646663,145.453791,"","c6ca96bc-7cf5-4fe7-ac44-d01e06394ef3","770c30d2-c2a8-4bb2-8056-6167297cddae","19893c10-381e-4534-9bb8-6c37d03ad29e","AU","DWC_ARCHIVE","2021-05-07T20:56:00.849+00:00","2021-05-07T20:59:22.959+00:00",170,"3c5e4331-7f2f-4a8d-aa56-81ece7014fc8","HUMAN_OBSERVATION","PRESENT",5192644,1,52,225,7390893,9252056,3246910,5192644,5192644,"Charonia tritonis (Linnaeus, 1758)","Animalia","Mollusca","Littorinimorpha","Charoniidae","Charonia","Charonia tritonis","Charonia","tritonis","SPECIES","ACCEPTED",NA,105.3,"Queensland",2009,6,6,"2009-06-06T00:00:00",NA,"2021-05-07T20:59:22.959+00:00","https://biocache.ala.org.au/occurrences/78009948-b46e-4146-a118-3a6feef6dbff","http://creativecommons.org/licenses/by/4.0/legalcode",TRUE,"WGS84","Gastropoda","AU","Australia",NA,"78009948-b46e-4146-a118-3a6feef6dbff",NA,NA,NA,1653439390,NA,NA,"78009948-b46e-4146-a118-3a6feef6dbff",NA,"urn:lirs.australianmuseum.net.au:identification:2ttt1028","Anne Hoggett",NA,NA,NA,NA,"Anne Hoggett",NA,NA,"Giant Triton Shell","Identification aligned to national taxonomy. Originally supplied as [[ Animalia | <not-supplied> | <not-supplied> | <not-supplied> | <not-supplied> | <not-supplied> | Charonia tritonis]]","urn:lsid:biodiversity.org.au:afd.taxon:4ad79fc9-82bf-4275-be82-8b9090a9274a","Lizard Island, Queensland","http://lifg.australianmuseum.net.au/HotSpot.html?identification=2ttt1028",NA,NA,NA,NA,NA,NA,NA,NA,NA,NA,NA,NA,NA,NA,NA,NA,NA,NA,NA,NA,NA,NA,NA,NA,NA,NA,NA,NA,NA,NA,NA,NA,NA,NA,NA,NA,NA,NA,NA,NA,NA,NA,NA,NA,NA,NA,NA,NA,NA,NA,NA,NA,NA,NA,NA,NA,NA,NA,NA,"Charonia tritonis (Linnaeus, 1758)"
2446708017,"Charonia tritonis (Linnaeus, 1758)",-14.646663,145.453791,"","7447a228-a4cf-414b-87e4-3aba15275580","3c5e4331-7f2f-4a8d-aa56-81ece7014fc8","19893c10-381e-4534-9bb8-6c37d03ad29e","AU","DWC_ARCHIVE","2021-05-07T07:04:36.773+00:00","2021-05-07T07:05:22.771+00:00",78,"3c5e4331-7f2f-4a8d-aa56-81ece7014fc8","HUMAN_OBSERVATION","PRESENT",5192644,1,52,225,7390893,9252056,3246910,5192644,5192644,"Charonia tritonis (Linnaeus, 1758)","Animalia","Mollusca","Littorinimorpha","Charoniidae","Charonia","Charonia tritonis","Charonia","tritonis","SPECIES","ACCEPTED",NA,105.3,"Queensland",2009,6,6,"2009-06-06T00:00:00",NA,"2021-05-07T07:05:22.771+00:00","https://biocache.ala.org.au/occurrences/43f1dad3-e0fe-4424-ac55-2c6b5f2f1e4f","http://creativecommons.org/licenses/by/4.0/legalcode",TRUE,"WGS84","Gastropoda","AU","Australia",NA,"43f1dad3-e0fe-4424-ac55-2c6b5f2f1e4f",NA,NA,NA,2446708017,NA,NA,"43f1dad3-e0fe-4424-ac55-2c6b5f2f1e4f",NA,"urn:gaiaguide.info:identification:2ttt1028","Anne Hoggett",NA,NA,NA,NA,"Anne Hoggett",NA,NA,"Giant Triton Shell","Identification aligned to national taxonomy. Originally supplied as [[ <not-supplied> | <not-supplied> | <not-supplied> | <not-supplied> | <not-supplied> | <not-supplied> | Charonia tritonis]]","urn:lsid:biodiversity.org.au:afd.taxon:4ad79fc9-82bf-4275-be82-8b9090a9274a","Lizard Island, Queensland","http://www.gaiaguide.info/HotSpot.html?identification=2ttt1028",NA,NA,NA,NA,NA,NA,NA,NA,NA,NA,NA,NA,NA,NA,NA,NA,NA,NA,NA,NA,NA,NA,NA,NA,NA,NA,NA,NA,NA,NA,NA,NA,NA,NA,NA,NA,NA,NA,NA,NA,NA,NA,NA,NA,NA,NA,NA,NA,NA,NA,NA,NA,NA,NA,NA,NA,NA,NA,NA,"Charonia tritonis (Linnaeus, 1758)"
1847734446,"Charonia tritonis (Linnaeus, 1758)",-9.85885,160.8628,"osiic,colmano,inmafu","cf8c1737-4702-4a16-93c9-e3da9ccece7a","e15c40ad-b68e-4759-bab3-0c2ac9079215","6b459ded-20ca-46f2-8323-5f4eed4b9fde","NC","DWC_ARCHIVE","2021-02-26T15:53:09.871+00:00","2021-03-09T11:22:56.103+00:00",121,"cd3512e7-886c-4873-b629-740abe8ae74e","HUMAN_OBSERVATION","PRESENT",5192644,1,52,225,7390893,9252056,3246910,5192644,5192644,"Charonia tritonis (Linnaeus, 1758)","Animalia","Mollusca","Littorinimorpha","Charoniidae","Charonia","Charonia tritonis","Charonia","tritonis","SPECIES","ACCEPTED",NA,NA,NA,2006,6,5,"2006-06-05T00:00:00",NA,"2021-03-09T11:22:56.103+00:00",NA,"http://creativecommons.org/licenses/by-nc/4.0/legalcode",FALSE,"WGS84","Gastropoda","SB","Solomon Islands",NA,"8DDD2861-E4D5-449A-A6FC-1D71AA16C88D_E7F6F3AC-043D-4171-82CF-271FFD1F060C",NA,NA,NA,1847734446,NA,"PROCFish/C","8DDD2861-E4D5-449A-A6FC-1D71AA16C88D_E7F6F3AC-043D-4171-82CF-271FFD1F060C",NA,NA,"Emmanuel Tardy",NA,"SPC",NA,NA,NA,NA,1,NA,NA,NA,NA,NA,NA,NA,"831cefd7-10b8-4c21-8f04-30e5d3020d7b",NA,NA,NA,NA,NA,"BID-PA2016-0002-REG","BID","8DDD2861-E4D5-449A-A6FC-1D71AA16C88D","Manta tow transect","http://purl.org/spc/digilib/doc/pfj5w","7c0229a3-75b1-45e1-ab94-e036aa75f2db","en",NA,NA,NA,NA,NA,NA,NA,NA,NA,NA,NA,NA,NA,NA,NA,NA,NA,NA,NA,NA,NA,NA,NA,NA,NA,NA,NA,NA,NA,NA,NA,NA,NA,NA,NA,NA,NA,NA,NA,NA,NA,NA,NA,NA,"Charonia tritonis (Linnaeus, 1758)"
439922694,"Charonia tritonis (Linnaeus, 1758)",-15.3753,167.197818,"gass84,osiic,incomis,inmafu","0214a6a7-898f-4ee8-b888-0be60ecde81f","2cd829bb-b713-433d-99cf-64bef11e5b3e","86c2834b-fcd6-418d-9b32-aca45110a0fe","FR","DWC_ARCHIVE","2021-05-19T10:51:58.389+00:00","2021-05-19T10:56:29.925+00:00",341,"2cd829bb-b713-433d-99cf-64bef11e5b3e","PRESERVED_SPECIMEN","PRESENT",5192644,1,52,225,7390893,9252056,3246910,5192644,5192644,"Charonia tritonis (Linnaeus, 1758)","Animalia","Mollusca","Littorinimorpha","Charoniidae","Charonia","Charonia tritonis","Charonia","tritonis","SPECIES","ACCEPTED",NA,NA,NA,2006,9,28,"2006-09-28T00:00:00",NA,"2021-05-19T10:56:29.925+00:00",NA,"http://creativecommons.org/licenses/by/4.0/legalcode",FALSE,"WGS84","Gastropoda","VU","Vanuatu",NA,"http://coldb.mnhn.fr/catalognumber/mnhn/im/2007-33099",NA,NA,NA,439922694,NA,"IM","http://coldb.mnhn.fr/catalognumber/mnhn/im/2007-33099",NA,"2007-33099",NA,NA,"MNHN",NA,NA,"Beu A. G.",NA,1,NA,NA,NA,"E Oyester I.",NA,15,10,"cc3e1f45-e430-4835-951e-4dd33c4b7201","SANTO 2006/FR38",NA,NA,NA,NA,NA,NA,NA,NA,NA,NA,NA,NA,NA,NA,NA,NA,NA,NA,NA,NA,NA,NA,NA,NA,NA,NA,NA,NA,NA,NA,NA,NA,NA,NA,NA,NA,NA,NA,NA,NA,NA,NA,NA,NA,NA,NA,NA,NA,NA,NA,NA,NA,NA,NA,NA,"Charonia tritonis (Linnaeus, 1758)"
439943130,"Charonia tritonis (Linnaeus, 1758)",-15.3753,167.197818,"gass84,osiic,incomis,inmafu","0214a6a7-898f-4ee8-b888-0be60ecde81f","2cd829bb-b713-433d-99cf-64bef11e5b3e","86c2834b-fcd6-418d-9b32-aca45110a0fe","FR","DWC_ARCHIVE","2021-05-19T10:51:58.389+00:00","2021-05-19T10:56:26.827+00:00",341,"2cd829bb-b713-433d-99cf-64bef11e5b3e","PRESERVED_SPECIMEN","PRESENT",5192644,1,52,225,7390893,9252056,3246910,5192644,5192644,"Charonia tritonis (Linnaeus, 1758)","Animalia","Mollusca","Littorinimorpha","Charoniidae","Charonia","Charonia tritonis","Charonia","tritonis","SPECIES","ACCEPTED",NA,NA,NA,2006,9,28,"2006-09-28T00:00:00",NA,"2021-05-19T10:56:26.827+00:00",NA,"http://creativecommons.org/licenses/by/4.0/legalcode",FALSE,"WGS84","Gastropoda","VU","Vanuatu",NA,"http://coldb.mnhn.fr/catalognumber/mnhn/im/2007-33098",NA,NA,NA,439943130,NA,"IM","http://coldb.mnhn.fr/catalognumber/mnhn/im/2007-33098",NA,"2007-33098",NA,NA,"MNHN",NA,NA,"Beu A. G.",NA,1,NA,NA,NA,"E Oyester I.",NA,15,10,"cc3e1f45-e430-4835-951e-4dd33c4b7201","SANTO 2006/FR38",NA,NA,NA,NA,NA,NA,NA,NA,NA,NA,NA,NA,NA,NA,NA,NA,NA,NA,NA,NA,NA,NA,NA,NA,NA,NA,NA,NA,NA,NA,NA,NA,NA,NA,NA,NA,NA,NA,NA,NA,NA,NA,NA,NA,NA,NA,NA,NA,NA,NA,NA,NA,NA,NA,NA,"Charonia tritonis (Linnaeus, 1758)"
899510119,"Charonia tritonis (Linnaeus, 1758)",-16.5725,168.152778,"conti,cdround,gass84,colmafu,inmafu","85b1cfb6-f762-11e1-a439-00145eb45e9a","8483a1f0-1032-11db-ae00-b8a03c50a862","12fadca0-d638-416d-8cee-6f29ef37a249","US","DWC_ARCHIVE","2021-05-14T21:37:28.223+00:00","2021-05-14T21:44:09.566+00:00",343,"8483a1f0-1032-11db-ae00-b8a03c50a862","PRESERVED_SPECIMEN","PRESENT",5192644,1,52,225,7390893,9252056,3246910,5192644,5192644,"Charonia tritonis (Linnaeus, 1758)","Animalia","Mollusca","Littorinimorpha","Charoniidae","Charonia","Charonia tritonis","Charonia","tritonis","SPECIES","ACCEPTED",NA,NA,"Shefa Province",2005,1,12,"2005-01-12T00:00:00","2021-04-27T18:48:28.000+00:00","2021-05-14T21:44:09.566+00:00",NA,"http://creativecommons.org/licenses/by-nc/4.0/legalcode",FALSE,"WGS84","Gastropoda","VU","Vanuatu",NA,"C3D97E04-E076-4B9E-BFDD-BB5A54A6E082",NA,NA,NA,899510119,NA,"Invertebrate Zoology","C3D97E04-E076-4B9E-BFDD-BB5A54A6E082",NA,"368592-Mollusca","Meyer, Christopher",NA,"UF",NA,NA,NA,NA,NA,NA,NA,NA,"Epi Island, N Point",NA,NA,NA,"ab8b25c4-f95e-437b-82df-5aed3c9031ec",NA,NA,"4730346d-0a5b-454c-accd-b9ac7bdf8445","95% ethanol - 1; DNA subsample - 1","Vanuatu, Shefa Province",NA,NA,NA,NA,NA,NA,NA,NA,NA,NA,NA,NA,NA,NA,NA,NA,NA,NA,NA,NA,NA,NA,NA,NA,NA,NA,NA,NA,NA,NA,NA,NA,NA,NA,NA,NA,NA,NA,NA,NA,NA,NA,NA,NA,NA,NA,NA,NA,NA,NA,NA,"Charonia tritonis (Linnaeus, 1758)"
1653445938,"Charonia tritonis (Linnaeus, 1758)",-14.698251,145.454193,"","c6ca96bc-7cf5-4fe7-ac44-d01e06394ef3","770c30d2-c2a8-4bb2-8056-6167297cddae","19893c10-381e-4534-9bb8-6c37d03ad29e","AU","DWC_ARCHIVE","2021-05-07T20:56:00.849+00:00","2021-05-07T20:59:24.173+00:00",170,"3c5e4331-7f2f-4a8d-aa56-81ece7014fc8","HUMAN_OBSERVATION","PRESENT",5192644,1,52,225,7390893,9252056,3246910,5192644,5192644,"Charonia tritonis (Linnaeus, 1758)","Animalia","Mollusca","Littorinimorpha","Charoniidae","Charonia","Charonia tritonis","Charonia","tritonis","SPECIES","ACCEPTED",NA,150,"Queensland",2004,9,15,"2004-09-15T00:00:00",NA,"2021-05-07T20:59:24.173+00:00","https://biocache.ala.org.au/occurrences/29c2e9f9-684e-428e-8eca-24c2b504ca4d","http://creativecommons.org/licenses/by/4.0/legalcode",TRUE,"WGS84","Gastropoda","AU","Australia",NA,"29c2e9f9-684e-428e-8eca-24c2b504ca4d",NA,NA,NA,1653445938,NA,NA,"29c2e9f9-684e-428e-8eca-24c2b504ca4d",NA,"urn:lirs.australianmuseum.net.au:identification:nLf4rVmt","Paul Hebert",NA,NA,NA,NA,"Paul Hebert",NA,NA,"Giant Triton Shell","Identification aligned to national taxonomy. Originally supplied as [[ Animalia | <not-supplied> | <not-supplied> | <not-supplied> | <not-supplied> | <not-supplied> | Charonia tritonis]]","urn:lsid:biodiversity.org.au:afd.taxon:4ad79fc9-82bf-4275-be82-8b9090a9274a","3","http://lifg.australianmuseum.net.au/HotSpot.html?identification=nLf4rVmt",NA,NA,NA,NA,NA,NA,NA,NA,NA,NA,NA,NA,NA,NA,NA,NA,NA,NA,NA,NA,NA,NA,NA,NA,NA,NA,NA,NA,NA,NA,NA,NA,NA,NA,NA,NA,NA,NA,NA,NA,NA,NA,NA,NA,NA,NA,NA,NA,NA,NA,NA,NA,NA,NA,NA,NA,NA,NA,NA,"Charonia tritonis (Linnaeus, 1758)"
2446712310,"Charonia tritonis (Linnaeus, 1758)",-14.698251,145.454193,"","7447a228-a4cf-414b-87e4-3aba15275580","3c5e4331-7f2f-4a8d-aa56-81ece7014fc8","19893c10-381e-4534-9bb8-6c37d03ad29e","AU","DWC_ARCHIVE","2021-05-07T07:04:36.773+00:00","2021-05-07T07:05:25.017+00:00",78,"3c5e4331-7f2f-4a8d-aa56-81ece7014fc8","HUMAN_OBSERVATION","PRESENT",5192644,1,52,225,7390893,9252056,3246910,5192644,5192644,"Charonia tritonis (Linnaeus, 1758)","Animalia","Mollusca","Littorinimorpha","Charoniidae","Charonia","Charonia tritonis","Charonia","tritonis","SPECIES","ACCEPTED",NA,150,"Queensland",2004,9,15,"2004-09-15T00:00:00",NA,"2021-05-07T07:05:25.017+00:00","https://biocache.ala.org.au/occurrences/adbff69f-ae60-4490-b2d0-75a02bb28c9b","http://creativecommons.org/licenses/by/4.0/legalcode",TRUE,"WGS84","Gastropoda","AU","Australia",NA,"adbff69f-ae60-4490-b2d0-75a02bb28c9b",NA,NA,NA,2446712310,NA,NA,"adbff69f-ae60-4490-b2d0-75a02bb28c9b",NA,"urn:gaiaguide.info:identification:nLf4rVmt","Paul Hebert",NA,NA,NA,NA,"Paul Hebert",NA,NA,"Giant Triton Shell","Identification aligned to national taxonomy. Originally supplied as [[ <not-supplied> | <not-supplied> | <not-supplied> | <not-supplied> | <not-supplied> | <not-supplied> | Charonia tritonis]]","urn:lsid:biodiversity.org.au:afd.taxon:4ad79fc9-82bf-4275-be82-8b9090a9274a","3","http://www.gaiaguide.info/HotSpot.html?identification=nLf4rVmt",NA,NA,NA,NA,NA,NA,NA,NA,NA,NA,NA,NA,NA,NA,NA,NA,NA,NA,NA,NA,NA,NA,NA,NA,NA,NA,NA,NA,NA,NA,NA,NA,NA,NA,NA,NA,NA,NA,NA,NA,NA,NA,NA,NA,NA,NA,NA,NA,NA,NA,NA,NA,NA,NA,NA,NA,NA,NA,NA,"Charonia tritonis (Linnaeus, 1758)"
1848015802,"Charonia tritonis (Linnaeus, 1758)",-6.101216,177.347158,"cdround,osiic,colmano,inmafu","6461be2b-49e4-4a4e-a0de-a90eae602e78","e15c40ad-b68e-4759-bab3-0c2ac9079215","6b459ded-20ca-46f2-8323-5f4eed4b9fde","NC","DWC_ARCHIVE","2021-02-26T15:53:09.508+00:00","2021-03-09T11:22:51.641+00:00",117,"cd3512e7-886c-4873-b629-740abe8ae74e","HUMAN_OBSERVATION","PRESENT",5192644,1,52,225,7390893,9252056,3246910,5192644,5192644,"Charonia tritonis (Linnaeus, 1758)","Animalia","Mollusca","Littorinimorpha","Charoniidae","Charonia","Charonia tritonis","Charonia","tritonis","SPECIES","ACCEPTED",NA,NA,NA,2004,10,23,"2004-10-23T00:00:00",NA,"2021-03-09T11:22:51.641+00:00",NA,"http://creativecommons.org/licenses/by-nc/4.0/legalcode",FALSE,"WGS84","Gastropoda","TV","Tuvalu",NA,"C44F442A-E20C-4670-9D80-F258A445248A_E7F6F3AC-043D-4171-82CF-271FFD1F060C",NA,NA,NA,1848015802,NA,"PROCFish/C","C44F442A-E20C-4670-9D80-F258A445248A_E7F6F3AC-043D-4171-82CF-271FFD1F060C",NA,NA,"Kim Friedman",NA,"SPC",NA,NA,NA,NA,1,NA,NA,NA,NA,NA,NA,NA,"831cefd7-10b8-4c21-8f04-30e5d3020d7b",NA,NA,NA,NA,NA,"BID-PA2016-0002-REG","BID","C44F442A-E20C-4670-9D80-F258A445248A","Sea cucumber day search","http://purl.org/spc/digilib/doc/pfj5w","e3149b6f-f824-4539-829b-e6f822d9966f","en",NA,NA,NA,NA,NA,NA,NA,NA,NA,NA,NA,NA,NA,NA,NA,NA,NA,NA,NA,NA,NA,NA,NA,NA,NA,NA,NA,NA,NA,NA,NA,NA,NA,NA,NA,NA,NA,NA,NA,NA,NA,NA,NA,NA,"Charonia tritonis (Linnaeus, 1758)"
1848344506,"Charonia tritonis (Linnaeus, 1758)",-16.155358,179.693867,"cdround,osiic,colmano,inmafu","b5441d39-7564-4c70-bd9d-b90236808892","e15c40ad-b68e-4759-bab3-0c2ac9079215","6b459ded-20ca-46f2-8323-5f4eed4b9fde","NC","DWC_ARCHIVE","2021-02-26T15:53:07.164+00:00","2021-03-09T11:22:36.974+00:00",117,"cd3512e7-886c-4873-b629-740abe8ae74e","HUMAN_OBSERVATION","PRESENT",5192644,1,52,225,7390893,9252056,3246910,5192644,5192644,"Charonia tritonis (Linnaeus, 1758)","Animalia","Mollusca","Littorinimorpha","Charoniidae","Charonia","Charonia tritonis","Charonia","tritonis","SPECIES","ACCEPTED",NA,NA,NA,2003,6,26,"2003-06-26T00:00:00",NA,"2021-03-09T11:22:36.974+00:00",NA,"http://creativecommons.org/licenses/by-nc/4.0/legalcode",FALSE,"WGS84","Gastropoda","FJ","Fiji",NA,"47FE4976-1849-49CD-A86E-C686DACDEC8A_E7F6F3AC-043D-4171-82CF-271FFD1F060C",NA,NA,NA,1848344506,NA,"PROCFish/C","47FE4976-1849-49CD-A86E-C686DACDEC8A_E7F6F3AC-043D-4171-82CF-271FFD1F060C",NA,NA,"Kim Friedman",NA,"SPC",NA,NA,NA,NA,1,NA,NA,NA,NA,NA,NA,NA,"831cefd7-10b8-4c21-8f04-30e5d3020d7b",NA,NA,NA,NA,NA,"BID-PA2016-0002-REG","BID","47FE4976-1849-49CD-A86E-C686DACDEC8A","Manta tow transect","http://purl.org/spc/digilib/doc/pfj5w","86132833-1e2f-4d6f-ad82-bec53b355e04","en",NA,NA,NA,NA,NA,NA,NA,NA,NA,NA,NA,NA,NA,NA,NA,NA,NA,NA,NA,NA,NA,NA,NA,NA,NA,NA,NA,NA,NA,NA,NA,NA,NA,NA,NA,NA,NA,NA,NA,NA,NA,NA,NA,NA,"Charonia tritonis (Linnaeus, 1758)"
899454719,"Charonia tritonis (Linnaeus, 1758)",-18.2151,177.715583,"conti,cdround,gass84,colmafu,inmafu","85b1cfb6-f762-11e1-a439-00145eb45e9a","8483a1f0-1032-11db-ae00-b8a03c50a862","12fadca0-d638-416d-8cee-6f29ef37a249","US","DWC_ARCHIVE","2021-05-14T21:37:28.223+00:00","2021-05-14T21:44:01.413+00:00",343,"8483a1f0-1032-11db-ae00-b8a03c50a862","PRESERVED_SPECIMEN","PRESENT",5192644,1,52,225,7390893,9252056,3246910,5192644,5192644,"Charonia tritonis (Linnaeus, 1758)","Animalia","Mollusca","Littorinimorpha","Charoniidae","Charonia","Charonia tritonis","Charonia","tritonis","SPECIES","ACCEPTED",NA,NA,"Viti Levu Island",2001,10,16,"2001-10-16T00:00:00","2021-04-27T18:40:24.000+00:00","2021-05-14T21:44:01.413+00:00",NA,"http://creativecommons.org/licenses/by-nc/4.0/legalcode",FALSE,"WGS84","Gastropoda","FJ","Fiji",NA,"B62B16BC-6452-43D1-956F-F811E3C64466",NA,NA,NA,899454719,NA,"Invertebrate Zoology","B62B16BC-6452-43D1-956F-F811E3C64466",NA,"296527-Mollusca","Kirkendale, L.; Bonito, V.",NA,"UF",NA,NA,NA,NA,NA,NA,NA,NA,"Vilisites",NA,NA,NA,"ab8b25c4-f95e-437b-82df-5aed3c9031ec",NA,NA,"4730346d-0a5b-454c-accd-b9ac7bdf8445","dry - 1","Fiji, Viti Levu Island",NA,NA,NA,NA,NA,NA,NA,NA,NA,NA,NA,NA,NA,NA,NA,NA,NA,NA,NA,NA,NA,NA,NA,NA,NA,NA,NA,NA,NA,NA,NA,NA,NA,NA,NA,NA,NA,NA,NA,NA,NA,NA,NA,NA,NA,NA,NA,NA,NA,NA,NA,"Charonia tritonis (Linnaeus, 1758)"
1100989622,"Charonia tritonis (Linnaeus, 1758)",-16.933,149.183,"cudc,incomis,inmafu","dce8feb0-6c89-11de-8225-b8a03c50a862","770c30d2-c2a8-4bb2-8056-6167297cddae","19893c10-381e-4534-9bb8-6c37d03ad29e","AU","DWC_ARCHIVE","2021-05-10T00:17:33.466+00:00","2021-05-10T00:38:49.596+00:00",211,"3c5e4331-7f2f-4a8d-aa56-81ece7014fc8","PRESERVED_SPECIMEN","PRESENT",5192644,1,52,225,7390893,9252056,3246910,5192644,5192644,"Charonia tritonis (Linnaeus, 1758)","Animalia","Mollusca","Littorinimorpha","Charoniidae","Charonia","Charonia tritonis","Charonia","tritonis","SPECIES","ACCEPTED",NA,1000,NA,1997,6,16,"1997-06-16T00:00:00",NA,"2021-05-10T00:38:49.596+00:00","https://biocache.ala.org.au/occurrences/c2d2acde-8922-4fea-91de-054bbc9a3dcb","http://creativecommons.org/licenses/by/4.0/legalcode",FALSE,"WGS84","Gastropoda","AU","Australia",NA,"c2d2acde-8922-4fea-91de-054bbc9a3dcb",NA,NA,NA,1100989622,NA,"Malacology","c2d2acde-8922-4fea-91de-054bbc9a3dcb",NA,"C.325798","Loch, Mr I. W.",NA,"AM",NA,NA,"I.Loch",NA,NA,"Giant Triton Shell","Identification aligned to national taxonomy. Originally supplied as [[ <not-supplied> | Mollusca | Gastropoda | <not-supplied> | Charoniidae | Charonia | Charonia tritonis (Linnaeus, 1758)]]","urn:lsid:biodiversity.org.au:afd.taxon:4ad79fc9-82bf-4275-be82-8b9090a9274a",NA,NA,NA,NA,"9cfe8cbf-35ff-4d93-b932-cb05d91b7922",NA,NA,NA,NA,NA,NA,NA,"urn:australianmuseum.net.au:Events:10062075",NA,NA,NA,NA,"urn:lsid:ozcam.taxonomy.org.au:AM:Malacology:C.325798","ecatalogue.LocCollectionEventLocal: ""[MAL# 28705] Coral Sea, Australia, North East Herald Cay (16° 56' S, 149° 11' E) 16/06/1997 - 28/06/1997, Loch, Mr I W(Collector), Royal Geographical Society of Queensland Expedition"";",NA,NA,NA,NA,NA,NA,NA,NA,NA,NA,NA,NA,NA,NA,NA,NA,NA,NA,NA,NA,NA,NA,NA,NA,NA,NA,NA,NA,NA,NA,NA,NA,NA,NA,NA,NA,NA,NA,NA,NA,NA,NA,"Charonia tritonis (Linnaeus, 1758)"
1936755615,"Charonia tritonis (Linnaeus, 1758)",-14.649105,145.48883,"","c6ca96bc-7cf5-4fe7-ac44-d01e06394ef3","770c30d2-c2a8-4bb2-8056-6167297cddae","19893c10-381e-4534-9bb8-6c37d03ad29e","AU","DWC_ARCHIVE","2021-05-07T20:56:00.849+00:00","2021-05-07T20:59:24.897+00:00",170,"3c5e4331-7f2f-4a8d-aa56-81ece7014fc8","HUMAN_OBSERVATION","PRESENT",5192644,1,52,225,7390893,9252056,3246910,5192644,5192644,"Charonia tritonis (Linnaeus, 1758)","Animalia","Mollusca","Littorinimorpha","Charoniidae","Charonia","Charonia tritonis","Charonia","tritonis","SPECIES","ACCEPTED",NA,330,"Queensland",1985,7,1,"1985-07-01T00:00:00",NA,"2021-05-07T20:59:24.897+00:00","https://biocache.ala.org.au/occurrences/fac2e040-5302-4e7d-afe0-0aa0a1a806a5","http://creativecommons.org/licenses/by/4.0/legalcode",FALSE,"WGS84","Gastropoda","AU","Australia",NA,"fac2e040-5302-4e7d-afe0-0aa0a1a806a5",NA,NA,NA,1936755615,NA,NA,"fac2e040-5302-4e7d-afe0-0aa0a1a806a5",NA,"urn:lirs.australianmuseum.net.au:identification:2oUADJKN","Gwenda Pini",NA,NA,NA,NA,"Gwenda Pini",NA,NA,"Giant Triton Shell","Identification aligned to national taxonomy. Originally supplied as [[ Animalia | <not-supplied> | <not-supplied> | <not-supplied> | <not-supplied> | <not-supplied> | Charonia tritonis]]","urn:lsid:biodiversity.org.au:afd.taxon:4ad79fc9-82bf-4275-be82-8b9090a9274a","MacGillivray Reef, Queensland","http://lifg.australianmuseum.net.au/HotSpot.html?identification=2oUADJKN",NA,NA,NA,NA,NA,NA,NA,NA,NA,NA,NA,NA,NA,NA,NA,NA,NA,NA,NA,NA,NA,NA,NA,NA,NA,NA,NA,NA,NA,NA,NA,NA,NA,NA,NA,NA,NA,NA,NA,NA,NA,NA,NA,NA,NA,NA,NA,NA,NA,NA,NA,NA,NA,NA,NA,NA,NA,NA,NA,"Charonia tritonis (Linnaeus, 1758)"
1100996881,"Charonia tritonis (Linnaeus, 1758)",-9.116,159.216,"incomis,inmafu","dce8feb0-6c89-11de-8225-b8a03c50a862","770c30d2-c2a8-4bb2-8056-6167297cddae","19893c10-381e-4534-9bb8-6c37d03ad29e","AU","DWC_ARCHIVE","2021-05-10T00:17:33.466+00:00","2021-05-10T00:39:40.099+00:00",211,"3c5e4331-7f2f-4a8d-aa56-81ece7014fc8","PRESERVED_SPECIMEN","PRESENT",5192644,1,52,225,7390893,9252056,3246910,5192644,5192644,"Charonia tritonis (Linnaeus, 1758)","Animalia","Mollusca","Littorinimorpha","Charoniidae","Charonia","Charonia tritonis","Charonia","tritonis","SPECIES","ACCEPTED",NA,1000,NA,1985,NA,NA,"1985-01-01T00:00:00",NA,"2021-05-10T00:39:40.099+00:00","https://biocache.ala.org.au/occurrences/9713459a-eca4-42a6-a4b6-be1de2554f1f","http://creativecommons.org/licenses/by/4.0/legalcode",FALSE,"WGS84","Gastropoda","SB","Solomon Islands",NA,"9713459a-eca4-42a6-a4b6-be1de2554f1f",NA,NA,NA,1100996881,NA,"Malacology","9713459a-eca4-42a6-a4b6-be1de2554f1f",NA,"C.333447",NA,NA,"AM",NA,NA,"I.Loch",NA,NA,"Giant Triton Shell","Identification aligned to national taxonomy. Originally supplied as [[ <not-supplied> | Mollusca | Gastropoda | <not-supplied> | Charoniidae | Charonia | Charonia tritonis (Linnaeus, 1758)]]","urn:lsid:biodiversity.org.au:afd.taxon:4ad79fc9-82bf-4275-be82-8b9090a9274a",NA,NA,NA,NA,"9cfe8cbf-35ff-4d93-b932-cb05d91b7922",NA,NA,NA,NA,NA,NA,NA,"urn:australianmuseum.net.au:Events:10003211",NA,NA,NA,NA,"urn:lsid:ozcam.taxonomy.org.au:AM:Malacology:C.333447","ecatalogue.LocCollectionEventLocal: ""[MAL# 31521] SOLOMON ISLANDS, Yandina, Russell Island (9° 07' 00"" S, 159° 13' 00"" E) 1985 - 1985, Accession"";",NA,NA,NA,NA,NA,NA,NA,NA,NA,NA,NA,NA,NA,NA,NA,NA,NA,NA,NA,NA,NA,NA,NA,NA,NA,NA,NA,NA,NA,NA,NA,NA,NA,NA,NA,NA,NA,NA,NA,NA,NA,NA,"Charonia tritonis (Linnaeus, 1758)"
1101109521,"Charonia tritonis (Linnaeus, 1758)",-2.883,151.366,"cudc,incomis,inmafu","dce8feb0-6c89-11de-8225-b8a03c50a862","770c30d2-c2a8-4bb2-8056-6167297cddae","19893c10-381e-4534-9bb8-6c37d03ad29e","AU","DWC_ARCHIVE","2021-05-10T00:17:33.466+00:00","2021-05-10T00:38:41.190+00:00",211,"3c5e4331-7f2f-4a8d-aa56-81ece7014fc8","PRESERVED_SPECIMEN","PRESENT",5192644,1,52,225,7390893,9252056,3246910,5192644,5192644,"Charonia tritonis (Linnaeus, 1758)","Animalia","Mollusca","Littorinimorpha","Charoniidae","Charonia","Charonia tritonis","Charonia","tritonis","SPECIES","ACCEPTED",NA,1000,NA,1974,NA,NA,"1974-01-01T00:00:00",NA,"2021-05-10T00:38:41.190+00:00","https://biocache.ala.org.au/occurrences/406232b1-9993-493b-bf0e-35f416135a7c","http://creativecommons.org/licenses/by/4.0/legalcode",FALSE,"WGS84","Gastropoda","PG","Papua New Guinea",NA,"406232b1-9993-493b-bf0e-35f416135a7c",NA,NA,NA,1101109521,NA,"Malacology","406232b1-9993-493b-bf0e-35f416135a7c",NA,"C.446271","St.Judes High School",NA,"AM",NA,NA,"I.Loch",NA,NA,"Giant Triton Shell","Identification aligned to national taxonomy. Originally supplied as [[ <not-supplied> | Mollusca | Gastropoda | <not-supplied> | Charoniidae | Charonia | Charonia tritonis (Linnaeus, 1758)]]","urn:lsid:biodiversity.org.au:afd.taxon:4ad79fc9-82bf-4275-be82-8b9090a9274a",NA,NA,NA,NA,"9cfe8cbf-35ff-4d93-b932-cb05d91b7922",NA,NA,NA,NA,NA,NA,NA,"urn:australianmuseum.net.au:Events:10024430",NA,NA,NA,NA,"urn:lsid:ozcam.taxonomy.org.au:AM:Malacology:C.446271","ecatalogue.LocCollectionEventLocal: ""[MAL# 16957 B] NEW GUINEA, New Ireland, Mongop, via Kavieng (2° 53' 00"" S, 151° 22' 00"" E) 1974 - 1974, St Judes High School(Collector), Accession"";",NA,NA,NA,NA,NA,NA,NA,NA,NA,NA,NA,NA,NA,NA,NA,NA,NA,NA,NA,NA,NA,NA,NA,NA,NA,NA,NA,NA,NA,NA,NA,NA,NA,NA,NA,NA,NA,NA,NA,NA,NA,NA,"Charonia tritonis (Linnaeus, 1758)"
1100996905,"Charonia tritonis (Linnaeus, 1758)",-7.433,157.766,"incomis,inmafu","dce8feb0-6c89-11de-8225-b8a03c50a862","770c30d2-c2a8-4bb2-8056-6167297cddae","19893c10-381e-4534-9bb8-6c37d03ad29e","AU","DWC_ARCHIVE","2021-05-10T00:17:33.466+00:00","2021-05-10T00:40:25.959+00:00",211,"3c5e4331-7f2f-4a8d-aa56-81ece7014fc8","PRESERVED_SPECIMEN","PRESENT",5192644,1,52,225,7390893,9252056,3246910,5192644,5192644,"Charonia tritonis (Linnaeus, 1758)","Animalia","Mollusca","Littorinimorpha","Charoniidae","Charonia","Charonia tritonis","Charonia","tritonis","SPECIES","ACCEPTED",NA,1000,NA,1972,NA,NA,"1972-01-01T00:00:00",NA,"2021-05-10T00:40:25.959+00:00","https://biocache.ala.org.au/occurrences/ace23f5f-92f0-4527-96b1-c7c07bcdb862","http://creativecommons.org/licenses/by/4.0/legalcode",FALSE,"WGS84","Gastropoda","SB","Solomon Islands",NA,"ace23f5f-92f0-4527-96b1-c7c07bcdb862",NA,NA,NA,1100996905,NA,"Malacology","ace23f5f-92f0-4527-96b1-c7c07bcdb862",NA,"C.333454","Mission children",NA,"AM",NA,NA,"I.Loch",NA,NA,"Giant Triton Shell","Identification aligned to national taxonomy. Originally supplied as [[ <not-supplied> | Mollusca | Gastropoda | <not-supplied> | Charoniidae | Charonia | Charonia tritonis (Linnaeus, 1758)]]","urn:lsid:biodiversity.org.au:afd.taxon:4ad79fc9-82bf-4275-be82-8b9090a9274a",NA,NA,NA,NA,"9cfe8cbf-35ff-4d93-b932-cb05d91b7922",NA,NA,NA,NA,NA,NA,NA,"urn:australianmuseum.net.au:Events:10031028",NA,NA,NA,NA,"urn:lsid:ozcam.taxonomy.org.au:AM:Malacology:C.333454","ecatalogue.LocCollectionEventLocal: ""[MAL# 421 C] SOLOMON ISLANDS, Choiseul Is, Wagina (Vaghena) Is (7° 26' 00"" S, 157° 46' 00"" E) 1972 - 1973, Mission children(Collector), Accession"";",NA,NA,NA,NA,NA,NA,NA,NA,NA,NA,NA,NA,NA,NA,NA,NA,NA,NA,NA,NA,NA,NA,NA,NA,NA,NA,NA,NA,NA,NA,NA,NA,NA,NA,NA,NA,NA,NA,NA,NA,NA,NA,"Charonia tritonis (Linnaeus, 1758)"
1100889712,"Charonia tritonis (Linnaeus, 1758)",-17.20972,146.07499,"incomis,inmafu","dce8feb0-6c89-11de-8225-b8a03c50a862","770c30d2-c2a8-4bb2-8056-6167297cddae","19893c10-381e-4534-9bb8-6c37d03ad29e","AU","DWC_ARCHIVE","2021-05-10T00:17:33.466+00:00","2021-05-10T00:38:39.945+00:00",211,"3c5e4331-7f2f-4a8d-aa56-81ece7014fc8","PRESERVED_SPECIMEN","PRESENT",5192644,1,52,225,7390893,9252056,3246910,5192644,5192644,"Charonia tritonis (Linnaeus, 1758)","Animalia","Mollusca","Littorinimorpha","Charoniidae","Charonia","Charonia tritonis","Charonia","tritonis","SPECIES","ACCEPTED",NA,1000,"Queensland",1968,8,1,"1968-08-01T00:00:00",NA,"2021-05-10T00:38:39.945+00:00","https://biocache.ala.org.au/occurrences/94ca5469-8c11-41a3-98c6-1d3bbe7e8d6e","http://creativecommons.org/licenses/by/4.0/legalcode",FALSE,"WGS84","Gastropoda","AU","Australia",NA,"94ca5469-8c11-41a3-98c6-1d3bbe7e8d6e",NA,NA,NA,1100889712,NA,"Malacology","94ca5469-8c11-41a3-98c6-1d3bbe7e8d6e",NA,"C.148772","Loch, Mr I. W.",NA,"AM",NA,NA,"Loch, Mr. I. W.",NA,NA,"Giant Triton Shell","Identification aligned to national taxonomy. Originally supplied as [[ <not-supplied> | Mollusca | Gastropoda | <not-supplied> | Charoniidae | Charonia | Charonia tritonis (Linnaeus, 1758)]]","urn:lsid:biodiversity.org.au:afd.taxon:4ad79fc9-82bf-4275-be82-8b9090a9274a",NA,NA,NA,NA,"9cfe8cbf-35ff-4d93-b932-cb05d91b7922",NA,NA,NA,NA,NA,NA,NA,"urn:australianmuseum.net.au:Events:10019595",NA,NA,NA,NA,"urn:lsid:ozcam.taxonomy.org.au:AM:Malacology:C.148772","ecatalogue.LocCollectionEventLocal: ""[MAL# 31524] Australia, Queensland, Between Normanby & Mabel Ids, Frankland Islands, SE of Cairns (17° 12' 35"" S, 146° 04' 30"" E) /08/1968 - /08/1968, Loch, Mr I W(Collector), Accession"";",NA,NA,NA,NA,NA,NA,NA,NA,NA,NA,NA,NA,NA,NA,NA,NA,NA,NA,NA,NA,NA,NA,NA,NA,NA,NA,NA,NA,NA,NA,NA,NA,NA,NA,NA,NA,NA,NA,NA,NA,NA,NA,"Charonia tritonis (Linnaeus, 1758)"
1100996888,"Charonia tritonis (Linnaeus, 1758)",-9.933,144.066,"incomis,inmafu","dce8feb0-6c89-11de-8225-b8a03c50a862","770c30d2-c2a8-4bb2-8056-6167297cddae","19893c10-381e-4534-9bb8-6c37d03ad29e","AU","DWC_ARCHIVE","2021-05-10T00:17:33.466+00:00","2021-05-10T00:39:20.474+00:00",211,"3c5e4331-7f2f-4a8d-aa56-81ece7014fc8","PRESERVED_SPECIMEN","PRESENT",5192644,1,52,225,7390893,9252056,3246910,5192644,5192644,"Charonia tritonis (Linnaeus, 1758)","Animalia","Mollusca","Littorinimorpha","Charoniidae","Charonia","Charonia tritonis","Charonia","tritonis","SPECIES","ACCEPTED",NA,1000,"Queensland",1907,8,30,"1907-08-30T00:00:00",NA,"2021-05-10T00:39:20.474+00:00","https://biocache.ala.org.au/occurrences/95f39113-a73d-430a-9cbd-8028ff66e1fd","http://creativecommons.org/licenses/by/4.0/legalcode",FALSE,"WGS84","Gastropoda","AU","Australia",NA,"95f39113-a73d-430a-9cbd-8028ff66e1fd",NA,NA,NA,1100996888,NA,"Malacology","95f39113-a73d-430a-9cbd-8028ff66e1fd",NA,"C.333449","C. Hedley & A.R. McCulloch",NA,"AM",NA,NA,"I.Loch",NA,NA,"Giant Triton Shell","Identification aligned to national taxonomy. Originally supplied as [[ <not-supplied> | Mollusca | Gastropoda | <not-supplied> | Charoniidae | Charonia | Charonia tritonis (Linnaeus, 1758)]]","urn:lsid:biodiversity.org.au:afd.taxon:4ad79fc9-82bf-4275-be82-8b9090a9274a",NA,NA,NA,NA,"9cfe8cbf-35ff-4d93-b932-cb05d91b7922",NA,NA,NA,NA,NA,NA,NA,"urn:australianmuseum.net.au:Events:10041400",NA,NA,NA,NA,"urn:lsid:ozcam.taxonomy.org.au:AM:Malacology:C.333449","ecatalogue.LocCollectionEventLocal: ""[MAL# 4174 C] Australia, Queensland, Torres Strait, Murray Is (9° 56' 00"" S, 144° 04' 00"" E) 30/08/1907 - 03/10/1907, C. Hedley & A.R. McCulloch(Collector), Beach"";",NA,NA,NA,NA,NA,NA,NA,NA,NA,NA,NA,NA,NA,NA,NA,NA,NA,NA,NA,NA,NA,NA,NA,NA,NA,NA,NA,NA,NA,NA,NA,NA,NA,NA,NA,NA,NA,NA,NA,NA,NA,NA,"Charonia tritonis (Linnaeus, 1758)"
476903942,"Charonia tritonis (Linnaeus, 1758)",-8.276468,157.457018,"osiic,colmafu,inmafu","4bfac3ea-8763-4f4b-a71a-76a6f5f243d3","b4640710-8e03-11d8-b956-b8a03c50a862","b0f5183c-5ed0-47f4-b75f-65e0c1036cb5","US","DWC_ARCHIVE","2021-05-14T21:02:59.669+00:00","2021-05-14T21:45:45.536+00:00",362,"b4640710-8e03-11d8-b956-b8a03c50a862","PRESERVED_SPECIMEN","PRESENT",5192644,1,52,225,7390893,9252056,3246910,5192644,5192644,"Charonia tritonis (Linnaeus, 1758)","Animalia","Mollusca","Littorinimorpha","Charoniidae","Charonia","Charonia tritonis","Charonia","tritonis","SPECIES","ACCEPTED",NA,301,NA,NA,NA,NA,NA,NA,"2021-05-14T21:45:45.536+00:00","http://mczbase.mcz.harvard.edu/guid/MCZ:Mala:143926","http://creativecommons.org/licenses/by-nc/4.0/legalcode",FALSE,"WGS84","Gastropoda","SB","Solomon Islands","President and Fellows of Harvard College","MCZ:Mala:143926",NA,"[no verbatim date data]",NA,476903942,"Solomon Ids., So. New Georgia Id., Roviana Lagoon","Mala","MCZ:Mala:143926",NA,"143926","E. C. Leadley",NA,"MCZ",NA,NA,"[no agent data]",NA,1,NA,NA,NA,"So. New Georgia Id., Roviana Lagoon",NA,NA,NA,"1cfca87c-083e-4d67-8e60-cb7d311f6058",NA,"OCEANIA","66df5945-b2fd-4136-8566-1d085c3213fe","shell (dry)","Oceania: Solomon Islands: Solomon Islands",NA,NA,NA,NA,NA,NA,"en","malacology accession number=1133",NA,NA,NA,"b4640710-8e03-11d8-b956-b8a03c50a862",NA,"PhysicalObject",NA,"Animalia Mollusca Gastropoda Caenogastropoda Littorinimorpha Tonnoidea Ranellidae Charonia tritonis","Solomon Islands",NA,NA,"Entered from ledger.",NA,"ICZN","[no agent data]","GEOLocate","unverified",NA,NA,NA,NA,NA,"GEOLocate batch georeferencing, 2019-06-10","{}","http://vocab.getty.edu/tgn/1000233","decimal degrees","[UNDER REVIEW; GEOLOCATE_SCORE: 44; GEOLOCATE_PRECISION: Low; GEOLOCATE_NUMRESULTS: 2]","in collection","Museum of Comparative Zoology, Harvard University",NA,NA,NA,NA,NA,NA,NA,NA,NA,NA,NA,NA,NA,NA,"Charonia tritonis (Linnaeus, 1758)"
1066658914,"Charonia tritonis (Linnaeus, 1758)",-16.383333,145.566667,"colmafu,inmafu","a79c2b50-6c8a-11de-8226-b8a03c50a862","f9d3db7d-6ee9-4fbf-bd4c-e5d0f0bd26c6","19893c10-381e-4534-9bb8-6c37d03ad29e","AU","DWC_ARCHIVE","2021-05-10T00:17:30.348+00:00","2021-05-10T00:26:06.698+00:00",207,"3c5e4331-7f2f-4a8d-aa56-81ece7014fc8","PRESERVED_SPECIMEN","PRESENT",5192644,1,52,225,7390893,9252056,3246910,5192644,5192644,"Charonia tritonis (Linnaeus, 1758)","Animalia","Mollusca","Littorinimorpha","Charoniidae","Charonia","Charonia tritonis","Charonia","tritonis","SPECIES","ACCEPTED",NA,1000,"Queensland",NA,NA,NA,NA,NA,"2021-05-10T00:26:06.698+00:00","https://biocache.ala.org.au/occurrences/a90f89e0-dc30-45e6-96c3-248b7bada200","http://creativecommons.org/licenses/by/4.0/legalcode",FALSE,"WGS84","Gastropoda","AU","Australia",NA,"a90f89e0-dc30-45e6-96c3-248b7bada200",NA,NA,NA,1066658914,NA,"Molluscs","a90f89e0-dc30-45e6-96c3-248b7bada200",NA,"MO26972",NA,NA,"QM",NA,NA,NA,NA,1,"Giant Triton Shell","Identification aligned to national taxonomy. Originally supplied as [[ Animalia | Mollusca | Gastropoda | Hypsogastropoda | Ranellidae | Charonia | Charonia tritonis]]","urn:lsid:biodiversity.org.au:afd.taxon:4ad79fc9-82bf-4275-be82-8b9090a9274a","Low Isles, NEQ",NA,NA,NA,"442fa096-b2bf-4ecc-b513-ae0958eeec25",NA,NA,"f9b6bb0d-e879-4b06-8200-35e59050ea9c",NA,NA,NA,NA,NA,NA,NA,NA,NA,"urn:lsid:ozcam.taxonomy.org.au:QM.Molluscs:MO26972",NA,NA,NA,NA,NA,NA,NA,NA,NA,NA,NA,NA,NA,NA,NA,NA,NA,NA,NA,NA,NA,NA,NA,NA,NA,NA,NA,NA,NA,NA,NA,NA,NA,NA,NA,NA,NA,NA,NA,NA,NA,NA,NA,"Charonia tritonis (Linnaeus, 1758)"
1698729977,"Charonia tritonis (Linnaeus, 1758)",-15.602222,166.251114,"colmano,inmano","bb5b30b4-827e-4d5e-a86a-825d65cb6583","b711353c-44d7-4e8b-90c5-16fea0d247e0","a957a663-2f17-415f-b1c8-5cf6398df8ed","US","DWC_ARCHIVE","2021-03-26T14:32:06.568+00:00","2021-03-30T12:42:05.442+00:00",84,"2053a639-84c3-4be5-b8bc-96b6d88a976c","FOSSIL_SPECIMEN","PRESENT",5192644,1,52,225,7390893,9252056,3246910,5192644,5192644,"Charonia tritonis (Linnaeus, 1758)","Animalia","Mollusca","Littorinimorpha","Charoniidae","Charonia","Charonia tritonis","Charonia","tritonis","SPECIES","ACCEPTED",NA,NA,NA,NA,NA,NA,NA,"2017-10-28T00:00:00.000+00:00","2021-03-30T12:42:05.442+00:00",NA,"http://creativecommons.org/licenses/by-nc/4.0/legalcode",FALSE,"WGS84","Gastropoda","VU","Vanuatu",NA,"pbdb:occ:726654",NA,NA,"Navaka River, Santo Island",1698729977,"VU","78046","pbdb:occ:726654","106579",NA,"Ladd",NA,"PBDB",NA,NA,NA,NA,NA,NA,NA,"106578","SPECIFIC LOCATION: Navaka River, Santo Island, Vanuatu. LAT/LONG: estimate stated in text for Navaka River, Vanuatu.","COLLECTOR: Mallick, Waller, Bolango, and Blow. REPOSITORY: USNM.",NA,NA,NA,NA,"OCEANIA",NA,NA,"| VU |  |  |  |  |  |","PBDB",NA,NA,NA,"taxonomic; some macrofossils; surface (in situ),field collection",NA,"en",NA,NA,NA,NA,NA,NA,"Text",NA,"Mollusca | Gastropoda |  | Ranellidae | Charonia",NA,NA,NA,NA,NA,"ICZN",NA,NA,"requires verification",NA,"Charonia tritonis",NA,"http://vertnet.org/resources/norms.html","78046",NA,"{""geogscale"":""local area"" }",NA,NA,"stated in text",NA,NA,0.0002778,"Pleistocene","H. S. Ladd. 1982. Cenozoic fossil mollusks from Western Pacific Islands; Gastropods (Volutidae through Terebridae). United States Geological Survey Professional Paper 1171:1-100",1982,"stratigraphic scale:group of beds | stratigraphic comments:STRATIGRAPHIC RELATIONS: From an undifferentiated reef limestones. AGE: Pleistocene, on the basis of macrofossil and foraminiferal biostratigraphy, and stratigraphic position. STRATIGRAPHIC POSITI","species",NA,NA,NA,NA,NA,NA,NA,NA,"Charonia tritonis (Linnaeus, 1758)"
1804285015,"Charonia tritonis (Linnaeus, 1758)",-2.016667,147.266667,"gass84,rdativ,osiic,colmafu","0b94e07b-898e-47fc-b95f-31a5538f326b","a41250f0-7c3e-11d8-a19c-b8a03c50a862","1bd85d67-1c87-4591-988a-44ff22008d3e","CA","DWC_ARCHIVE","2021-03-26T12:53:21.803+00:00","2021-03-30T09:37:27.923+00:00",163,"a41250f0-7c3e-11d8-a19c-b8a03c50a862","PRESERVED_SPECIMEN","PRESENT",5192644,1,52,225,7390893,9252056,3246910,5192644,5192644,"Charonia tritonis (Linnaeus, 1758)","Animalia","Mollusca","Littorinimorpha","Charoniidae","Charonia","Charonia tritonis","Charonia","tritonis","SPECIES","ACCEPTED",NA,NA,"North Solomons Prov.",NA,NA,NA,NA,NA,"2021-03-30T09:37:27.923+00:00",NA,"http://creativecommons.org/licenses/by/4.0/legalcode",FALSE,"WGS84","Gastropoda","PG","Papua New Guinea","Canadian Museum of Nature","b2a6e285-7afa-afa4-f8a5-24e604fbaf48",NA,"1980-07 - 1981","Mollusc",1804285015,NA,"CMNML","b2a6e285-7afa-afa4-f8a5-24e604fbaf48",NA,"CMNML 093757","Lansdell, Keith; Phiriyapreunt, Wannakan",NA,"CMN",NA,NA,NA,NA,1,NA,NA,NA,"North coast around Lorengau",NA,NA,NA,"c146edb6-3a82-473c-b337-4acaa92f9513",NA,NA,"778fb16d-8e62-4c72-87d2-8e83ce8af189","dry",NA,NA,NA,NA,NA,NA,"https://doi.org/10.15468/zzn9bs","eng",NA,NA,NA,NA,"http://biocol.org/urn:lsid:biocol.org:col:34935",NA,"PhysicalObject",NA,"Animalia; Mollusca; Gastropoda; Orthogastropoda; Mesogastropoda; Tonnoidea; Ranellidae; Charonia",NA,NA,NA,NA,NA,NA,NA,NA,NA,NA,NA,NA,NA,"http://grbio.org/cool/y8q9-71ez",NA,NA,NA,NA,NA,NA,NA,NA,NA,NA,NA,NA,NA,"KL 1980-1981 Lorengau","Charonia tritonis (CMNML 093757)",NA,NA,NA,NA,NA,NA,"Charonia tritonis (Linnaeus, 1758)"
3032275381,"Charonia tritonis (Linnaeus, 1758)",-16.881035,145.780135,"incomis,inmafu","fa375330-6c8a-11de-8226-b8a03c50a862","4d0539cd-a2e0-4a2c-8b7d-ec6718eef764","19893c10-381e-4534-9bb8-6c37d03ad29e","AU","DWC_ARCHIVE","2021-05-10T00:17:37.382+00:00","2021-05-10T00:23:55.843+00:00",208,"3c5e4331-7f2f-4a8d-aa56-81ece7014fc8","PRESERVED_SPECIMEN","PRESENT",5192644,1,52,225,7390893,9252056,3246910,5192644,5192644,"Charonia tritonis (Linnaeus, 1758)","Animalia","Mollusca","Littorinimorpha","Charoniidae","Charonia","Charonia tritonis","Charonia","tritonis","SPECIES","ACCEPTED",NA,NA,"Queensland",NA,NA,NA,NA,NA,"2021-05-10T00:23:55.843+00:00","https://biocache.ala.org.au/occurrences/b5e20a79-07fb-4346-9612-8403002b63dd","http://creativecommons.org/licenses/by/4.0/legalcode",FALSE,"WGS84","Gastropoda","AU","Australia",NA,"b5e20a79-07fb-4346-9612-8403002b63dd",NA,NA,NA,3032275381,NA,"Marine Invertebrates","b5e20a79-07fb-4346-9612-8403002b63dd",NA,"D64596",NA,NA,"SAMA",NA,NA,"Hunt, P A",NA,1,"Giant Triton Shell","Identification aligned to national taxonomy. Originally supplied as [[ <not-supplied> | Mollusca | Gastropoda | <not-supplied> | Charoniidae | Charonia | Charonia tritonis]]","urn:lsid:biodiversity.org.au:afd.taxon:4ad79fc9-82bf-4275-be82-8b9090a9274a",NA,NA,NA,NA,"5d0174cc-48aa-497e-8751-df708df5ccc5",NA,NA,NA,NA,NA,NA,NA,"urn:emu.sam.sa.gov.au:Event:240315",NA,NA,NA,NA,NA,NA,NA,NA,NA,NA,NA,NA,NA,NA,NA,NA,NA,NA,NA,NA,NA,NA,NA,NA,NA,NA,NA,NA,NA,NA,NA,NA,NA,NA,NA,NA,NA,NA,NA,NA,NA,NA,NA,NA,NA,NA,NA,NA,"Charonia tritonis (Linnaeus, 1758)"
3032276354,"Charonia tritonis (Linnaeus, 1758)",-19.288769,146.973185,"incomis,inmafu","fa375330-6c8a-11de-8226-b8a03c50a862","4d0539cd-a2e0-4a2c-8b7d-ec6718eef764","19893c10-381e-4534-9bb8-6c37d03ad29e","AU","DWC_ARCHIVE","2021-05-10T00:17:37.382+00:00","2021-05-10T00:23:54.191+00:00",208,"3c5e4331-7f2f-4a8d-aa56-81ece7014fc8","PRESERVED_SPECIMEN","PRESENT",5192644,1,52,225,7390893,9252056,3246910,5192644,5192644,"Charonia tritonis (Linnaeus, 1758)","Animalia","Mollusca","Littorinimorpha","Charoniidae","Charonia","Charonia tritonis","Charonia","tritonis","SPECIES","ACCEPTED",NA,NA,"Queensland",NA,NA,NA,NA,NA,"2021-05-10T00:23:54.191+00:00","https://biocache.ala.org.au/occurrences/75e5bf24-d7ce-4ca4-8856-3f936696d914","http://creativecommons.org/licenses/by/4.0/legalcode",FALSE,"WGS84","Gastropoda","AU","Australia",NA,"75e5bf24-d7ce-4ca4-8856-3f936696d914",NA,NA,NA,3032276354,NA,"Marine Invertebrates","75e5bf24-d7ce-4ca4-8856-3f936696d914",NA,"D64593",NA,NA,"SAMA",NA,NA,"Hunt, P A",NA,1,"Giant Triton Shell","Identification aligned to national taxonomy. Originally supplied as [[ <not-supplied> | Mollusca | Gastropoda | <not-supplied> | Charoniidae | Charonia | Charonia tritonis]]","urn:lsid:biodiversity.org.au:afd.taxon:4ad79fc9-82bf-4275-be82-8b9090a9274a",NA,NA,NA,NA,"5d0174cc-48aa-497e-8751-df708df5ccc5",NA,NA,NA,NA,NA,NA,NA,"urn:emu.sam.sa.gov.au:Event:240313",NA,NA,NA,NA,NA,NA,NA,NA,NA,NA,NA,NA,NA,NA,NA,NA,NA,NA,NA,NA,NA,NA,NA,NA,NA,NA,NA,NA,NA,NA,NA,NA,NA,NA,NA,NA,NA,NA,NA,NA,NA,NA,NA,NA,NA,NA,NA,NA,"Charonia tritonis (Linnaeus, 1758)"
3032277305,"Charonia tritonis (Linnaeus, 1758)",-9.919927,144.048606,"incomis,inmafu","fa375330-6c8a-11de-8226-b8a03c50a862","4d0539cd-a2e0-4a2c-8b7d-ec6718eef764","19893c10-381e-4534-9bb8-6c37d03ad29e","AU","DWC_ARCHIVE","2021-05-10T00:17:37.382+00:00","2021-05-10T00:23:51.738+00:00",208,"3c5e4331-7f2f-4a8d-aa56-81ece7014fc8","PRESERVED_SPECIMEN","PRESENT",5192644,1,52,225,7390893,9252056,3246910,5192644,5192644,"Charonia tritonis (Linnaeus, 1758)","Animalia","Mollusca","Littorinimorpha","Charoniidae","Charonia","Charonia tritonis","Charonia","tritonis","SPECIES","ACCEPTED",NA,NA,"Queensland",NA,NA,NA,NA,NA,"2021-05-10T00:23:51.738+00:00","https://biocache.ala.org.au/occurrences/069fba5b-819f-4f4a-a346-7e5da1beb64d","http://creativecommons.org/licenses/by/4.0/legalcode",FALSE,"WGS84","Gastropoda","AU","Australia",NA,"069fba5b-819f-4f4a-a346-7e5da1beb64d",NA,NA,NA,3032277305,NA,"Marine Invertebrates","069fba5b-819f-4f4a-a346-7e5da1beb64d",NA,"D64601",NA,NA,"SAMA",NA,NA,"Hunt, P A",NA,1,"Giant Triton Shell","Identification aligned to national taxonomy. Originally supplied as [[ <not-supplied> | Mollusca | Gastropoda | <not-supplied> | Charoniidae | Charonia | Charonia tritonis]]","urn:lsid:biodiversity.org.au:afd.taxon:4ad79fc9-82bf-4275-be82-8b9090a9274a",NA,NA,NA,NA,"5d0174cc-48aa-497e-8751-df708df5ccc5",NA,NA,NA,NA,NA,NA,NA,"urn:emu.sam.sa.gov.au:Event:240317",NA,NA,NA,NA,NA,NA,NA,NA,NA,NA,NA,NA,NA,NA,NA,NA,NA,NA,NA,NA,NA,NA,NA,NA,NA,NA,NA,NA,NA,NA,NA,NA,NA,NA,NA,NA,NA,NA,NA,NA,NA,NA,NA,NA,NA,NA,NA,NA,"Charonia tritonis (Linnaeus, 1758)"
3032282408,"Charonia tritonis (Linnaeus, 1758)",-1.974934,146.97833,"incomis,inmafu","fa375330-6c8a-11de-8226-b8a03c50a862","4d0539cd-a2e0-4a2c-8b7d-ec6718eef764","19893c10-381e-4534-9bb8-6c37d03ad29e","AU","DWC_ARCHIVE","2021-05-10T00:17:37.382+00:00","2021-05-10T00:23:55.153+00:00",208,"3c5e4331-7f2f-4a8d-aa56-81ece7014fc8","PRESERVED_SPECIMEN","PRESENT",5192644,1,52,225,7390893,9252056,3246910,5192644,5192644,"Charonia tritonis (Linnaeus, 1758)","Animalia","Mollusca","Littorinimorpha","Charoniidae","Charonia","Charonia tritonis","Charonia","tritonis","SPECIES","ACCEPTED",NA,NA,NA,NA,NA,NA,NA,NA,"2021-05-10T00:23:55.153+00:00","https://biocache.ala.org.au/occurrences/be26f609-b05c-48a5-8669-57f4e4d609bc","http://creativecommons.org/licenses/by/4.0/legalcode",FALSE,"WGS84","Gastropoda","PG","Papua New Guinea",NA,"be26f609-b05c-48a5-8669-57f4e4d609bc",NA,NA,NA,3032282408,NA,"Marine Invertebrates","be26f609-b05c-48a5-8669-57f4e4d609bc",NA,"D64591",NA,NA,"SAMA",NA,NA,"Hunt, P A",NA,2,"Giant Triton Shell","Identification aligned to national taxonomy. Originally supplied as [[ <not-supplied> | Mollusca | Gastropoda | <not-supplied> | Charoniidae | Charonia | Charonia tritonis]]","urn:lsid:biodiversity.org.au:afd.taxon:4ad79fc9-82bf-4275-be82-8b9090a9274a",NA,NA,NA,NA,"5d0174cc-48aa-497e-8751-df708df5ccc5",NA,NA,NA,NA,NA,NA,NA,"urn:emu.sam.sa.gov.au:Event:240312",NA,NA,NA,NA,NA,NA,NA,NA,NA,NA,NA,NA,NA,NA,NA,NA,NA,NA,NA,NA,NA,NA,NA,NA,NA,NA,NA,NA,NA,NA,NA,NA,NA,NA,NA,NA,NA,NA,NA,NA,NA,NA,NA,NA,NA,NA,NA,NA,"Charonia tritonis (Linnaeus, 1758)"
3032285335,"Charonia tritonis (Linnaeus, 1758)",-9.577739,147.3119,"cudc,incomis,inmafu","fa375330-6c8a-11de-8226-b8a03c50a862","4d0539cd-a2e0-4a2c-8b7d-ec6718eef764","19893c10-381e-4534-9bb8-6c37d03ad29e","AU","DWC_ARCHIVE","2021-05-10T00:17:37.382+00:00","2021-05-10T00:23:57.790+00:00",208,"3c5e4331-7f2f-4a8d-aa56-81ece7014fc8","PRESERVED_SPECIMEN","PRESENT",5192644,1,52,225,7390893,9252056,3246910,5192644,5192644,"Charonia tritonis (Linnaeus, 1758)","Animalia","Mollusca","Littorinimorpha","Charoniidae","Charonia","Charonia tritonis","Charonia","tritonis","SPECIES","ACCEPTED",NA,NA,NA,NA,NA,NA,NA,NA,"2021-05-10T00:23:57.790+00:00","https://biocache.ala.org.au/occurrences/514f676f-2fdb-46f8-bd97-3f676807110f","http://creativecommons.org/licenses/by/4.0/legalcode",FALSE,"WGS84","Gastropoda","PG","Papua New Guinea",NA,"514f676f-2fdb-46f8-bd97-3f676807110f",NA,NA,NA,3032285335,NA,"Marine Invertebrates","514f676f-2fdb-46f8-bd97-3f676807110f",NA,"D64600",NA,NA,"SAMA",NA,NA,"Hunt, P A",NA,1,"Giant Triton Shell","Identification aligned to national taxonomy. Originally supplied as [[ <not-supplied> | Mollusca | Gastropoda | <not-supplied> | Charoniidae | Charonia | Charonia tritonis]]","urn:lsid:biodiversity.org.au:afd.taxon:4ad79fc9-82bf-4275-be82-8b9090a9274a",NA,NA,NA,NA,"5d0174cc-48aa-497e-8751-df708df5ccc5",NA,NA,NA,NA,NA,NA,NA,"urn:emu.sam.sa.gov.au:Event:240244",NA,NA,NA,NA,NA,NA,NA,NA,NA,NA,NA,NA,NA,NA,NA,NA,NA,NA,NA,NA,NA,NA,NA,NA,NA,NA,NA,NA,NA,NA,NA,NA,NA,NA,NA,NA,NA,NA,NA,NA,NA,NA,NA,NA,NA,NA,NA,NA,"Charonia tritonis (Linnaeus, 1758)"
3032285413,"Charonia tritonis (Linnaeus, 1758)",-16.863062,146.166934,"cudc,incomis,inmafu","fa375330-6c8a-11de-8226-b8a03c50a862","4d0539cd-a2e0-4a2c-8b7d-ec6718eef764","19893c10-381e-4534-9bb8-6c37d03ad29e","AU","DWC_ARCHIVE","2021-05-10T00:17:37.382+00:00","2021-05-10T00:23:59.901+00:00",208,"3c5e4331-7f2f-4a8d-aa56-81ece7014fc8","PRESERVED_SPECIMEN","PRESENT",5192644,1,52,225,7390893,9252056,3246910,5192644,5192644,"Charonia tritonis (Linnaeus, 1758)","Animalia","Mollusca","Littorinimorpha","Charoniidae","Charonia","Charonia tritonis","Charonia","tritonis","SPECIES","ACCEPTED",NA,NA,NA,NA,NA,NA,NA,NA,"2021-05-10T00:23:59.901+00:00","https://biocache.ala.org.au/occurrences/d9adf851-daf5-4d4c-b019-7e87089b5756","http://creativecommons.org/licenses/by/4.0/legalcode",FALSE,"WGS84","Gastropoda","AU","Australia",NA,"d9adf851-daf5-4d4c-b019-7e87089b5756",NA,NA,NA,3032285413,NA,"Marine Invertebrates","d9adf851-daf5-4d4c-b019-7e87089b5756",NA,"D64605",NA,NA,"SAMA",NA,NA,"Hunt, P A",NA,2,"Giant Triton Shell","Identification aligned to national taxonomy. Originally supplied as [[ <not-supplied> | Mollusca | Gastropoda | <not-supplied> | Charoniidae | Charonia | Charonia tritonis]]","urn:lsid:biodiversity.org.au:afd.taxon:4ad79fc9-82bf-4275-be82-8b9090a9274a",NA,NA,NA,NA,"5d0174cc-48aa-497e-8751-df708df5ccc5",NA,NA,NA,NA,NA,NA,NA,"urn:emu.sam.sa.gov.au:Event:240256",NA,NA,NA,NA,NA,NA,NA,NA,NA,NA,NA,NA,NA,NA,NA,NA,NA,NA,NA,NA,NA,NA,NA,NA,NA,NA,NA,NA,NA,NA,NA,NA,NA,NA,NA,NA,NA,NA,NA,NA,NA,NA,NA,NA,NA,NA,NA,NA,"Charonia tritonis (Linnaeus, 1758)"
3032286325,"Charonia tritonis (Linnaeus, 1758)",-19.288769,146.973185,"incomis,inmafu","fa375330-6c8a-11de-8226-b8a03c50a862","4d0539cd-a2e0-4a2c-8b7d-ec6718eef764","19893c10-381e-4534-9bb8-6c37d03ad29e","AU","DWC_ARCHIVE","2021-05-10T00:17:37.382+00:00","2021-05-10T00:23:57.347+00:00",208,"3c5e4331-7f2f-4a8d-aa56-81ece7014fc8","PRESERVED_SPECIMEN","PRESENT",5192644,1,52,225,7390893,9252056,3246910,5192644,5192644,"Charonia tritonis (Linnaeus, 1758)","Animalia","Mollusca","Littorinimorpha","Charoniidae","Charonia","Charonia tritonis","Charonia","tritonis","SPECIES","ACCEPTED",NA,NA,"Queensland",NA,NA,NA,NA,NA,"2021-05-10T00:23:57.347+00:00","https://biocache.ala.org.au/occurrences/3284fa5e-6240-462c-bb1d-04e9a36f027d","http://creativecommons.org/licenses/by/4.0/legalcode",FALSE,"WGS84","Gastropoda","AU","Australia",NA,"3284fa5e-6240-462c-bb1d-04e9a36f027d",NA,NA,NA,3032286325,NA,"Marine Invertebrates","3284fa5e-6240-462c-bb1d-04e9a36f027d",NA,"D61193",NA,NA,"SAMA",NA,NA,"Hunt, P A",NA,3,"Giant Triton Shell","Identification aligned to national taxonomy. Originally supplied as [[ <not-supplied> | Mollusca | Gastropoda | <not-supplied> | Charoniidae | Charonia | Charonia tritonis]]","urn:lsid:biodiversity.org.au:afd.taxon:4ad79fc9-82bf-4275-be82-8b9090a9274a",NA,NA,NA,NA,"5d0174cc-48aa-497e-8751-df708df5ccc5",NA,NA,NA,NA,NA,NA,NA,"urn:emu.sam.sa.gov.au:Event:240203",NA,NA,NA,NA,NA,NA,NA,NA,NA,NA,NA,NA,NA,NA,NA,NA,NA,NA,NA,NA,NA,NA,NA,NA,NA,NA,NA,NA,NA,NA,NA,NA,NA,NA,NA,NA,NA,NA,NA,NA,NA,NA,NA,NA,NA,NA,NA,NA,"Charonia tritonis (Linnaeus, 1758)"
3032288321,"Charonia tritonis (Linnaeus, 1758)",-10.612255,150.663967,"incomis,inmafu","fa375330-6c8a-11de-8226-b8a03c50a862","4d0539cd-a2e0-4a2c-8b7d-ec6718eef764","19893c10-381e-4534-9bb8-6c37d03ad29e","AU","DWC_ARCHIVE","2021-05-10T00:17:37.382+00:00","2021-05-10T00:23:57.242+00:00",208,"3c5e4331-7f2f-4a8d-aa56-81ece7014fc8","PRESERVED_SPECIMEN","PRESENT",5192644,1,52,225,7390893,9252056,3246910,5192644,5192644,"Charonia tritonis (Linnaeus, 1758)","Animalia","Mollusca","Littorinimorpha","Charoniidae","Charonia","Charonia tritonis","Charonia","tritonis","SPECIES","ACCEPTED",NA,NA,NA,NA,NA,NA,NA,NA,"2021-05-10T00:23:57.242+00:00","https://biocache.ala.org.au/occurrences/2f8ac683-0802-48f9-ad66-7aa8d18e4533","http://creativecommons.org/licenses/by/4.0/legalcode",FALSE,"WGS84","Gastropoda","PG","Papua New Guinea",NA,"2f8ac683-0802-48f9-ad66-7aa8d18e4533",NA,NA,NA,3032288321,NA,"Marine Invertebrates","2f8ac683-0802-48f9-ad66-7aa8d18e4533",NA,"D64604",NA,NA,"SAMA",NA,NA,"Rumball, W",NA,5,"Giant Triton Shell","Identification aligned to national taxonomy. Originally supplied as [[ <not-supplied> | Mollusca | Gastropoda | <not-supplied> | Charoniidae | Charonia | Charonia tritonis]]","urn:lsid:biodiversity.org.au:afd.taxon:4ad79fc9-82bf-4275-be82-8b9090a9274a",NA,NA,NA,NA,"5d0174cc-48aa-497e-8751-df708df5ccc5",NA,NA,NA,NA,NA,NA,NA,"urn:emu.sam.sa.gov.au:Event:240318",NA,NA,NA,NA,NA,NA,NA,NA,NA,NA,NA,NA,NA,NA,NA,NA,NA,NA,NA,NA,NA,NA,NA,NA,NA,NA,NA,NA,NA,NA,NA,NA,NA,NA,NA,NA,NA,NA,NA,NA,NA,NA,NA,NA,NA,NA,NA,NA,"Charonia tritonis (Linnaeus, 1758)"
3032289346,"Charonia tritonis (Linnaeus, 1758)",-17.433616,177.692082,"cudc,incomis,inmafu","fa375330-6c8a-11de-8226-b8a03c50a862","4d0539cd-a2e0-4a2c-8b7d-ec6718eef764","19893c10-381e-4534-9bb8-6c37d03ad29e","AU","DWC_ARCHIVE","2021-05-10T00:17:37.382+00:00","2021-05-10T00:23:58.665+00:00",208,"3c5e4331-7f2f-4a8d-aa56-81ece7014fc8","PRESERVED_SPECIMEN","PRESENT",5192644,1,52,225,7390893,9252056,3246910,5192644,5192644,"Charonia tritonis (Linnaeus, 1758)","Animalia","Mollusca","Littorinimorpha","Charoniidae","Charonia","Charonia tritonis","Charonia","tritonis","SPECIES","ACCEPTED",NA,NA,NA,NA,NA,NA,NA,NA,"2021-05-10T00:23:58.665+00:00","https://biocache.ala.org.au/occurrences/39f92c81-a36f-4a06-8599-66b99c96f077","http://creativecommons.org/licenses/by/4.0/legalcode",FALSE,"WGS84","Gastropoda","FJ","Fiji",NA,"39f92c81-a36f-4a06-8599-66b99c96f077",NA,NA,NA,3032289346,NA,"Marine Invertebrates","39f92c81-a36f-4a06-8599-66b99c96f077",NA,"D64597",NA,NA,"SAMA",NA,NA,"Hunt, P A",NA,1,"Giant Triton Shell","Identification aligned to national taxonomy. Originally supplied as [[ <not-supplied> | Mollusca | Gastropoda | <not-supplied> | Charoniidae | Charonia | Charonia tritonis]]","urn:lsid:biodiversity.org.au:afd.taxon:4ad79fc9-82bf-4275-be82-8b9090a9274a",NA,NA,NA,NA,"5d0174cc-48aa-497e-8751-df708df5ccc5",NA,NA,NA,NA,NA,NA,NA,"urn:emu.sam.sa.gov.au:Event:240316",NA,NA,NA,NA,NA,NA,NA,NA,NA,NA,NA,NA,NA,NA,NA,NA,NA,NA,NA,NA,NA,NA,NA,NA,NA,NA,NA,NA,NA,NA,NA,NA,NA,NA,NA,NA,NA,NA,NA,NA,NA,NA,NA,NA,NA,NA,NA,NA,"Charonia tritonis (Linnaeus, 1758)"
3032290385,"Charonia tritonis (Linnaeus, 1758)",-18.125742,178.523176,"incomis,inmafu","fa375330-6c8a-11de-8226-b8a03c50a862","4d0539cd-a2e0-4a2c-8b7d-ec6718eef764","19893c10-381e-4534-9bb8-6c37d03ad29e","AU","DWC_ARCHIVE","2021-05-10T00:17:37.382+00:00","2021-05-10T00:24:00.768+00:00",208,"3c5e4331-7f2f-4a8d-aa56-81ece7014fc8","PRESERVED_SPECIMEN","PRESENT",5192644,1,52,225,7390893,9252056,3246910,5192644,5192644,"Charonia tritonis (Linnaeus, 1758)","Animalia","Mollusca","Littorinimorpha","Charoniidae","Charonia","Charonia tritonis","Charonia","tritonis","SPECIES","ACCEPTED",NA,NA,NA,NA,NA,NA,NA,NA,"2021-05-10T00:24:00.768+00:00","https://biocache.ala.org.au/occurrences/b31f3010-5734-4197-b1ca-95961ae1c06e","http://creativecommons.org/licenses/by/4.0/legalcode",FALSE,"WGS84","Gastropoda","FJ","Fiji",NA,"b31f3010-5734-4197-b1ca-95961ae1c06e",NA,NA,NA,3032290385,NA,"Marine Invertebrates","b31f3010-5734-4197-b1ca-95961ae1c06e",NA,"D64594",NA,NA,"SAMA",NA,NA,"Hunt, P A",NA,1,"Giant Triton Shell","Identification aligned to national taxonomy. Originally supplied as [[ <not-supplied> | Mollusca | Gastropoda | <not-supplied> | Charoniidae | Charonia | Charonia tritonis]]","urn:lsid:biodiversity.org.au:afd.taxon:4ad79fc9-82bf-4275-be82-8b9090a9274a",NA,NA,NA,NA,"5d0174cc-48aa-497e-8751-df708df5ccc5",NA,NA,NA,NA,NA,NA,NA,"urn:emu.sam.sa.gov.au:Event:240314",NA,NA,NA,NA,NA,NA,NA,NA,NA,NA,NA,NA,NA,NA,NA,NA,NA,NA,NA,NA,NA,NA,NA,NA,NA,NA,NA,NA,NA,NA,NA,NA,NA,NA,NA,NA,NA,NA,NA,NA,NA,NA,NA,NA,NA,NA,NA,NA,"Charonia tritonis (Linnaeus, 1758)"
3032291404,"Charonia tritonis (Linnaeus, 1758)",-16.863062,146.166934,"cudc,incomis,inmafu","fa375330-6c8a-11de-8226-b8a03c50a862","4d0539cd-a2e0-4a2c-8b7d-ec6718eef764","19893c10-381e-4534-9bb8-6c37d03ad29e","AU","DWC_ARCHIVE","2021-05-10T00:17:37.382+00:00","2021-05-10T00:24:01.337+00:00",208,"3c5e4331-7f2f-4a8d-aa56-81ece7014fc8","PRESERVED_SPECIMEN","PRESENT",5192644,1,52,225,7390893,9252056,3246910,5192644,5192644,"Charonia tritonis (Linnaeus, 1758)","Animalia","Mollusca","Littorinimorpha","Charoniidae","Charonia","Charonia tritonis","Charonia","tritonis","SPECIES","ACCEPTED",NA,NA,NA,NA,NA,NA,NA,NA,"2021-05-10T00:24:01.337+00:00","https://biocache.ala.org.au/occurrences/d549108e-6300-4011-8f57-99b3ef9ab45d","http://creativecommons.org/licenses/by/4.0/legalcode",FALSE,"WGS84","Gastropoda","AU","Australia",NA,"d549108e-6300-4011-8f57-99b3ef9ab45d",NA,NA,NA,3032291404,NA,"Marine Invertebrates","d549108e-6300-4011-8f57-99b3ef9ab45d",NA,"D64598",NA,NA,"SAMA",NA,NA,"Hunt, P A",NA,4,"Giant Triton Shell","Identification aligned to national taxonomy. Originally supplied as [[ <not-supplied> | Mollusca | Gastropoda | <not-supplied> | Charoniidae | Charonia | Charonia tritonis]]","urn:lsid:biodiversity.org.au:afd.taxon:4ad79fc9-82bf-4275-be82-8b9090a9274a",NA,NA,NA,NA,"5d0174cc-48aa-497e-8751-df708df5ccc5",NA,NA,NA,NA,NA,NA,NA,"urn:emu.sam.sa.gov.au:Event:240256",NA,NA,NA,NA,NA,NA,NA,NA,NA,NA,NA,NA,NA,NA,NA,NA,NA,NA,NA,NA,NA,NA,NA,NA,NA,NA,NA,NA,NA,NA,NA,NA,NA,NA,NA,NA,NA,NA,NA,NA,NA,NA,NA,NA,NA,NA,NA,NA,"Charonia tritonis (Linnaeus, 1758)"
3032291430,"Charonia tritonis (Linnaeus, 1758)",-17.693211,177.312706,"cudc,incomis,inmafu","fa375330-6c8a-11de-8226-b8a03c50a862","4d0539cd-a2e0-4a2c-8b7d-ec6718eef764","19893c10-381e-4534-9bb8-6c37d03ad29e","AU","DWC_ARCHIVE","2021-05-10T00:17:37.382+00:00","2021-05-10T00:24:01.892+00:00",208,"3c5e4331-7f2f-4a8d-aa56-81ece7014fc8","PRESERVED_SPECIMEN","PRESENT",5192644,1,52,225,7390893,9252056,3246910,5192644,5192644,"Charonia tritonis (Linnaeus, 1758)","Animalia","Mollusca","Littorinimorpha","Charoniidae","Charonia","Charonia tritonis","Charonia","tritonis","SPECIES","ACCEPTED",NA,NA,NA,NA,NA,NA,NA,NA,"2021-05-10T00:24:01.892+00:00","https://biocache.ala.org.au/occurrences/f70ada6f-74f1-48c5-a022-5b0b6f7de517","http://creativecommons.org/licenses/by/4.0/legalcode",FALSE,"WGS84","Gastropoda","FJ","Fiji",NA,"f70ada6f-74f1-48c5-a022-5b0b6f7de517",NA,NA,NA,3032291430,NA,"Marine Invertebrates","f70ada6f-74f1-48c5-a022-5b0b6f7de517",NA,"D64588",NA,NA,"SAMA",NA,NA,"Rumball, W",NA,2,"Giant Triton Shell","Identification aligned to national taxonomy. Originally supplied as [[ <not-supplied> | Mollusca | Gastropoda | <not-supplied> | Charoniidae | Charonia | Charonia tritonis]]","urn:lsid:biodiversity.org.au:afd.taxon:4ad79fc9-82bf-4275-be82-8b9090a9274a",NA,NA,NA,NA,"5d0174cc-48aa-497e-8751-df708df5ccc5",NA,NA,NA,NA,NA,NA,NA,"urn:emu.sam.sa.gov.au:Event:240311",NA,NA,NA,NA,NA,NA,NA,NA,NA,NA,NA,NA,NA,NA,NA,NA,NA,NA,NA,NA,NA,NA,NA,NA,NA,NA,NA,NA,NA,NA,NA,NA,NA,NA,NA,NA,NA,NA,NA,NA,NA,NA,NA,NA,NA,NA,NA,NA,"Charonia tritonis (Linnaeus, 1758)"
