"x","y","key","scientificName","decimalLatitude","decimalLongitude","issues","datasetKey","publishingOrgKey","installationKey","publishingCountry","protocol","lastCrawled","lastParsed","crawlId","hostingOrganizationKey","basisOfRecord","occurrenceStatus","taxonKey","kingdomKey","phylumKey","classKey","orderKey","familyKey","genusKey","speciesKey","acceptedTaxonKey","acceptedScientificName","kingdom","phylum","order","family","genus","species","genericName","specificEpithet","taxonRank","taxonomicStatus","stateProvince","year","month","day","eventDate","lastInterpreted","references","license","isInCluster","geodeticDatum","class","countryCode","country","recordNumber","identifier","recordedBy","vernacularName","dataGeneralizations","taxonConceptID","gbifID","occurrenceID","identifiedBy","dateIdentified","coordinateuncertaintyinmeters","modified","rightsHolder","http...unknown.org.nick","informationWithheld","verbatimEventDate","datasetName","verbatimLocality","collectionCode","taxonID","catalogNumber","http...unknown.org.occurrenceDetails","institutionCode","rights","eventTime","identificationRemarks","occurrenceRemarks","identificationID","locality","individualCount","depth","eventID","footprintWKT","county","identificationVerificationStatus","originalNameUsage","datasetID","nameAccordingTo","depthAccuracy","institutionKey","fieldNumber","elevation","elevationAccuracy","waterBody","type","ownerInstitutionCode","samplingProtocol","georeferenceSources","georeferenceProtocol","island","dynamicProperties","eventRemarks","materialSampleID","language","associatedSequences","lifeStage","establishmentMeans","projectId","programmeAcronym","samplingEffort","preparations","disposition","otherCatalogNumbers","locationRemarks","collectionKey","institutionID","higherGeography","locationID","startDayOfYear","higherClassification","endDayOfYear","verbatimCoordinateSystem","continent","islandGroup","higherGeographyID","nomenclaturalCode","georeferencedBy","georeferenceVerificationStatus","georeferenceRemarks","habitat","locationAccordingTo","georeferencedDate","organismID","previousIdentifications","identificationQualifier","accessRights","collectionID","name"
178.526,-18.775,2579596357,"Tridacna squamosa Lamarck, 1819",-18.775,178.526,"gass84,osiic,colmano,inmano","7dc0d8a3-57da-4090-a959-69a0aad10285","d3ed306d-f994-4fb0-abeb-a9a373e20728","6b459ded-20ca-46f2-8323-5f4eed4b9fde","FJ","DWC_ARCHIVE","2021-03-26T09:04:33.726+00:00","2021-03-30T11:12:20.729+00:00",109,"cd3512e7-886c-4873-b629-740abe8ae74e","PRESERVED_SPECIMEN","PRESENT",4372624,1,52,137,9529005,6858,4372618,4372624,4372624,"Tridacna squamosa Lamarck, 1819","Animalia","Mollusca","Cardiida","Cardiidae","Tridacna","Tridacna squamosa","Tridacna","squamosa","SPECIES","ACCEPTED","Kadavu",2005,7,8,"2005-07-08T00:00:00","2021-03-30T11:12:20.729+00:00",NA,"http://creativecommons.org/licenses/by/4.0/legalcode",FALSE,"WGS84","Bivalvia","FJ","Fiji",NA,"e640b5b6-6d45-11ea-bc55-0242ac130003","J F Koven",NA,NA,NA,2579596357,"e640b5b6-6d45-11ea-bc55-0242ac130003","B L Willcox",NA,NA,NA,NA,NA,NA,NA,NA,NA,"Marine",NA,"USPac:7248",NA,"USPac-SMS",NA,NA,NA,NA,NA,NA,1,NA,NA,NA,NA,NA,NA,NA,NA,NA,NA,NA,NA,NA,NA,NA,NA,NA,NA,NA,"Kadavu",NA,NA,NA,NA,NA,NA,NA,"BID-PA2016-0002-REG","BID",NA,"dry","in collection","SPM006208",NA,NA,NA,NA,NA,NA,NA,NA,NA,NA,NA,NA,NA,NA,NA,NA,NA,NA,NA,NA,NA,NA,NA,NA,"Tridacna squamosa Lamarck, 1819"
178.499,-18.7855,2579596436,"Tridacna squamosa Lamarck, 1819",-18.7855,178.499,"gass84,osiic,colmano,inmano","7dc0d8a3-57da-4090-a959-69a0aad10285","d3ed306d-f994-4fb0-abeb-a9a373e20728","6b459ded-20ca-46f2-8323-5f4eed4b9fde","FJ","DWC_ARCHIVE","2021-03-26T09:04:33.726+00:00","2021-03-30T11:12:20.659+00:00",109,"cd3512e7-886c-4873-b629-740abe8ae74e","PRESERVED_SPECIMEN","PRESENT",4372624,1,52,137,9529005,6858,4372618,4372624,4372624,"Tridacna squamosa Lamarck, 1819","Animalia","Mollusca","Cardiida","Cardiidae","Tridacna","Tridacna squamosa","Tridacna","squamosa","SPECIES","ACCEPTED","Kadavu",2005,7,8,"2005-07-08T00:00:00","2021-03-30T11:12:20.659+00:00",NA,"http://creativecommons.org/licenses/by/4.0/legalcode",FALSE,"WGS84","Bivalvia","FJ","Fiji",NA,"e640b494-6d45-11ea-bc55-0242ac130003","J F Koven",NA,NA,NA,2579596436,"e640b494-6d45-11ea-bc55-0242ac130003","B L Willcox",NA,NA,NA,NA,NA,NA,NA,NA,NA,"Marine",NA,"USPac:7247",NA,"USPac-SMS",NA,NA,NA,NA,NA,NA,1,NA,NA,NA,NA,NA,NA,NA,NA,NA,NA,NA,NA,NA,NA,NA,NA,NA,NA,NA,"Kadavu",NA,NA,NA,NA,NA,NA,NA,"BID-PA2016-0002-REG","BID",NA,"dry","in collection","SPM006207",NA,NA,NA,NA,NA,NA,NA,NA,NA,NA,NA,NA,NA,NA,NA,NA,NA,NA,NA,NA,NA,NA,NA,NA,"Tridacna squamosa Lamarck, 1819"
178.359,-18.150501,1848345266,"Tridacna squamosa Lamarck, 1819",-18.150501,178.359,"cdround,osiic,colmano,inmafu","b5441d39-7564-4c70-bd9d-b90236808892","e15c40ad-b68e-4759-bab3-0c2ac9079215","6b459ded-20ca-46f2-8323-5f4eed4b9fde","NC","DWC_ARCHIVE","2021-02-26T15:53:07.164+00:00","2021-03-09T11:22:37.040+00:00",117,"cd3512e7-886c-4873-b629-740abe8ae74e","HUMAN_OBSERVATION","PRESENT",4372624,1,52,137,9529005,6858,4372618,4372624,4372624,"Tridacna squamosa Lamarck, 1819","Animalia","Mollusca","Cardiida","Cardiidae","Tridacna","Tridacna squamosa","Tridacna","squamosa","SPECIES","ACCEPTED",NA,2003,1,29,"2003-01-29T00:00:00","2021-03-09T11:22:37.040+00:00",NA,"http://creativecommons.org/licenses/by-nc/4.0/legalcode",FALSE,"WGS84","Bivalvia","FJ","Fiji",NA,"570B4642-8C71-4F27-BAEA-030478E5D989_7659835D-B21F-41BA-8261-11CD30196B11","Kim Friedman",NA,NA,NA,1848345266,"570B4642-8C71-4F27-BAEA-030478E5D989_7659835D-B21F-41BA-8261-11CD30196B11",NA,NA,NA,NA,NA,NA,NA,NA,NA,NA,"PROCFish/C",NA,NA,NA,"SPC",NA,NA,NA,NA,NA,NA,1,NA,"570B4642-8C71-4F27-BAEA-030478E5D989",NA,NA,NA,NA,"86132833-1e2f-4d6f-ad82-bec53b355e04",NA,NA,"831cefd7-10b8-4c21-8f04-30e5d3020d7b",NA,NA,NA,NA,NA,NA,"http://purl.org/spc/digilib/doc/pfj5w",NA,NA,NA,NA,NA,NA,"en",NA,NA,NA,"BID-PA2016-0002-REG","BID","Manta tow transect",NA,NA,NA,NA,NA,NA,NA,NA,NA,NA,NA,NA,NA,NA,NA,NA,NA,NA,NA,NA,NA,NA,NA,NA,NA,NA,NA,"Tridacna squamosa Lamarck, 1819"
178.364361,-18.147729,1848346607,"Tridacna squamosa Lamarck, 1819",-18.147729,178.364361,"cdround,osiic,colmano,inmafu","b5441d39-7564-4c70-bd9d-b90236808892","e15c40ad-b68e-4759-bab3-0c2ac9079215","6b459ded-20ca-46f2-8323-5f4eed4b9fde","NC","DWC_ARCHIVE","2021-02-26T15:53:07.164+00:00","2021-03-09T11:22:36.689+00:00",117,"cd3512e7-886c-4873-b629-740abe8ae74e","HUMAN_OBSERVATION","PRESENT",4372624,1,52,137,9529005,6858,4372618,4372624,4372624,"Tridacna squamosa Lamarck, 1819","Animalia","Mollusca","Cardiida","Cardiidae","Tridacna","Tridacna squamosa","Tridacna","squamosa","SPECIES","ACCEPTED",NA,2003,1,30,"2003-01-30T00:00:00","2021-03-09T11:22:36.689+00:00",NA,"http://creativecommons.org/licenses/by-nc/4.0/legalcode",FALSE,"WGS84","Bivalvia","FJ","Fiji",NA,"E6ABF53C-6C03-485B-93A3-12CE4E7331B9_7659835D-B21F-41BA-8261-11CD30196B11","Samasoni Sauni",NA,NA,NA,1848346607,"E6ABF53C-6C03-485B-93A3-12CE4E7331B9_7659835D-B21F-41BA-8261-11CD30196B11",NA,NA,NA,NA,NA,NA,NA,NA,NA,NA,"PROCFish/C",NA,NA,NA,"SPC",NA,NA,NA,NA,NA,NA,1,NA,"E6ABF53C-6C03-485B-93A3-12CE4E7331B9",NA,NA,NA,NA,"86132833-1e2f-4d6f-ad82-bec53b355e04",NA,NA,"831cefd7-10b8-4c21-8f04-30e5d3020d7b",NA,NA,NA,NA,NA,NA,"http://purl.org/spc/digilib/doc/pfj5w",NA,NA,NA,NA,NA,NA,"en",NA,NA,NA,"BID-PA2016-0002-REG","BID","Soft benthos transect",NA,NA,NA,NA,NA,NA,NA,NA,NA,NA,NA,NA,NA,NA,NA,NA,NA,NA,NA,NA,NA,NA,NA,NA,NA,NA,NA,"Tridacna squamosa Lamarck, 1819"
178.716139,-17.991961,1848343789,"Tridacna squamosa Lamarck, 1819",-17.991961,178.716139,"cdround,osiic,colmano,inmafu","b5441d39-7564-4c70-bd9d-b90236808892","e15c40ad-b68e-4759-bab3-0c2ac9079215","6b459ded-20ca-46f2-8323-5f4eed4b9fde","NC","DWC_ARCHIVE","2021-02-26T15:53:07.164+00:00","2021-03-09T11:22:36.444+00:00",117,"cd3512e7-886c-4873-b629-740abe8ae74e","HUMAN_OBSERVATION","PRESENT",4372624,1,52,137,9529005,6858,4372618,4372624,4372624,"Tridacna squamosa Lamarck, 1819","Animalia","Mollusca","Cardiida","Cardiidae","Tridacna","Tridacna squamosa","Tridacna","squamosa","SPECIES","ACCEPTED",NA,2003,2,5,"2003-02-05T00:00:00","2021-03-09T11:22:36.444+00:00",NA,"http://creativecommons.org/licenses/by-nc/4.0/legalcode",FALSE,"WGS84","Bivalvia","FJ","Fiji",NA,"9362BDD8-EE08-4DE8-B653-BCAAC314D3DC_7659835D-B21F-41BA-8261-11CD30196B11","Kim Friedman",NA,NA,NA,1848343789,"9362BDD8-EE08-4DE8-B653-BCAAC314D3DC_7659835D-B21F-41BA-8261-11CD30196B11",NA,NA,NA,NA,NA,NA,NA,NA,NA,NA,"PROCFish/C",NA,NA,NA,"SPC",NA,NA,NA,NA,NA,NA,1,NA,"9362BDD8-EE08-4DE8-B653-BCAAC314D3DC",NA,NA,NA,NA,"86132833-1e2f-4d6f-ad82-bec53b355e04",NA,NA,"831cefd7-10b8-4c21-8f04-30e5d3020d7b",NA,NA,NA,NA,NA,NA,"http://purl.org/spc/digilib/doc/pfj5w",NA,NA,NA,NA,NA,NA,"en",NA,NA,NA,"BID-PA2016-0002-REG","BID","Manta tow transect",NA,NA,NA,NA,NA,NA,NA,NA,NA,NA,NA,NA,NA,NA,NA,NA,NA,NA,NA,NA,NA,NA,NA,NA,NA,NA,NA,"Tridacna squamosa Lamarck, 1819"
178.721207,-17.991369,1848343792,"Tridacna squamosa Lamarck, 1819",-17.991369,178.721207,"cdround,osiic,colmano,inmafu","b5441d39-7564-4c70-bd9d-b90236808892","e15c40ad-b68e-4759-bab3-0c2ac9079215","6b459ded-20ca-46f2-8323-5f4eed4b9fde","NC","DWC_ARCHIVE","2021-02-26T15:53:07.164+00:00","2021-03-09T11:22:36.809+00:00",117,"cd3512e7-886c-4873-b629-740abe8ae74e","HUMAN_OBSERVATION","PRESENT",4372624,1,52,137,9529005,6858,4372618,4372624,4372624,"Tridacna squamosa Lamarck, 1819","Animalia","Mollusca","Cardiida","Cardiidae","Tridacna","Tridacna squamosa","Tridacna","squamosa","SPECIES","ACCEPTED",NA,2003,2,5,"2003-02-05T00:00:00","2021-03-09T11:22:36.809+00:00",NA,"http://creativecommons.org/licenses/by-nc/4.0/legalcode",FALSE,"WGS84","Bivalvia","FJ","Fiji",NA,"E491C4D8-272C-46FB-A8C9-61898D83694C_7659835D-B21F-41BA-8261-11CD30196B11","Kim Friedman",NA,NA,NA,1848343792,"E491C4D8-272C-46FB-A8C9-61898D83694C_7659835D-B21F-41BA-8261-11CD30196B11",NA,NA,NA,NA,NA,NA,NA,NA,NA,NA,"PROCFish/C",NA,NA,NA,"SPC",NA,NA,NA,NA,NA,NA,2,NA,"E491C4D8-272C-46FB-A8C9-61898D83694C",NA,NA,NA,NA,"86132833-1e2f-4d6f-ad82-bec53b355e04",NA,NA,"831cefd7-10b8-4c21-8f04-30e5d3020d7b",NA,NA,NA,NA,NA,NA,"http://purl.org/spc/digilib/doc/pfj5w",NA,NA,NA,NA,NA,NA,"en",NA,NA,NA,"BID-PA2016-0002-REG","BID","Manta tow transect",NA,NA,NA,NA,NA,NA,NA,NA,NA,NA,NA,NA,NA,NA,NA,NA,NA,NA,NA,NA,NA,NA,NA,NA,NA,NA,NA,"Tridacna squamosa Lamarck, 1819"
178.747673,-17.990939,1848343985,"Tridacna squamosa Lamarck, 1819",-17.990939,178.747673,"cdround,osiic,colmano,inmafu","b5441d39-7564-4c70-bd9d-b90236808892","e15c40ad-b68e-4759-bab3-0c2ac9079215","6b459ded-20ca-46f2-8323-5f4eed4b9fde","NC","DWC_ARCHIVE","2021-02-26T15:53:07.164+00:00","2021-03-09T11:22:36.383+00:00",117,"cd3512e7-886c-4873-b629-740abe8ae74e","HUMAN_OBSERVATION","PRESENT",4372624,1,52,137,9529005,6858,4372618,4372624,4372624,"Tridacna squamosa Lamarck, 1819","Animalia","Mollusca","Cardiida","Cardiidae","Tridacna","Tridacna squamosa","Tridacna","squamosa","SPECIES","ACCEPTED",NA,2003,2,5,"2003-02-05T00:00:00","2021-03-09T11:22:36.383+00:00",NA,"http://creativecommons.org/licenses/by-nc/4.0/legalcode",FALSE,"WGS84","Bivalvia","FJ","Fiji",NA,"19141E8A-30BE-4880-A091-1EBBCDAD6B6E_7659835D-B21F-41BA-8261-11CD30196B11","Kim Friedman",NA,NA,NA,1848343985,"19141E8A-30BE-4880-A091-1EBBCDAD6B6E_7659835D-B21F-41BA-8261-11CD30196B11",NA,NA,NA,NA,NA,NA,NA,NA,NA,NA,"PROCFish/C",NA,NA,NA,"SPC",NA,NA,NA,NA,NA,NA,3,NA,"19141E8A-30BE-4880-A091-1EBBCDAD6B6E",NA,NA,NA,NA,"86132833-1e2f-4d6f-ad82-bec53b355e04",NA,NA,"831cefd7-10b8-4c21-8f04-30e5d3020d7b",NA,NA,NA,NA,NA,NA,"http://purl.org/spc/digilib/doc/pfj5w",NA,NA,NA,NA,NA,NA,"en",NA,NA,NA,"BID-PA2016-0002-REG","BID","Manta tow transect",NA,NA,NA,NA,NA,NA,NA,NA,NA,NA,NA,NA,NA,NA,NA,NA,NA,NA,NA,NA,NA,NA,NA,NA,NA,NA,NA,"Tridacna squamosa Lamarck, 1819"
178.700066,-17.982868,1848344021,"Tridacna squamosa Lamarck, 1819",-17.982868,178.700066,"cdround,osiic,colmano,inmafu","b5441d39-7564-4c70-bd9d-b90236808892","e15c40ad-b68e-4759-bab3-0c2ac9079215","6b459ded-20ca-46f2-8323-5f4eed4b9fde","NC","DWC_ARCHIVE","2021-02-26T15:53:07.164+00:00","2021-03-09T11:22:36.383+00:00",117,"cd3512e7-886c-4873-b629-740abe8ae74e","HUMAN_OBSERVATION","PRESENT",4372624,1,52,137,9529005,6858,4372618,4372624,4372624,"Tridacna squamosa Lamarck, 1819","Animalia","Mollusca","Cardiida","Cardiidae","Tridacna","Tridacna squamosa","Tridacna","squamosa","SPECIES","ACCEPTED",NA,2003,2,4,"2003-02-04T00:00:00","2021-03-09T11:22:36.383+00:00",NA,"http://creativecommons.org/licenses/by-nc/4.0/legalcode",FALSE,"WGS84","Bivalvia","FJ","Fiji",NA,"A6607F46-2A49-4947-BBEF-2CFC6F76BEE4_7659835D-B21F-41BA-8261-11CD30196B11","Kim Friedman",NA,NA,NA,1848344021,"A6607F46-2A49-4947-BBEF-2CFC6F76BEE4_7659835D-B21F-41BA-8261-11CD30196B11",NA,NA,NA,NA,NA,NA,NA,NA,NA,NA,"PROCFish/C",NA,NA,NA,"SPC",NA,NA,NA,NA,NA,NA,1,NA,"A6607F46-2A49-4947-BBEF-2CFC6F76BEE4",NA,NA,NA,NA,"86132833-1e2f-4d6f-ad82-bec53b355e04",NA,NA,"831cefd7-10b8-4c21-8f04-30e5d3020d7b",NA,NA,NA,NA,NA,NA,"http://purl.org/spc/digilib/doc/pfj5w",NA,NA,NA,NA,NA,NA,"en",NA,NA,NA,"BID-PA2016-0002-REG","BID","Manta tow transect",NA,NA,NA,NA,NA,NA,NA,NA,NA,NA,NA,NA,NA,NA,NA,NA,NA,NA,NA,NA,NA,NA,NA,NA,NA,NA,NA,"Tridacna squamosa Lamarck, 1819"
179.62645,-16.136967,1848344555,"Tridacna squamosa Lamarck, 1819",-16.136967,179.62645,"osiic,colmano,inmafu","b5441d39-7564-4c70-bd9d-b90236808892","e15c40ad-b68e-4759-bab3-0c2ac9079215","6b459ded-20ca-46f2-8323-5f4eed4b9fde","NC","DWC_ARCHIVE","2021-02-26T15:53:07.164+00:00","2021-03-09T11:22:36.453+00:00",117,"cd3512e7-886c-4873-b629-740abe8ae74e","HUMAN_OBSERVATION","PRESENT",4372624,1,52,137,9529005,6858,4372618,4372624,4372624,"Tridacna squamosa Lamarck, 1819","Animalia","Mollusca","Cardiida","Cardiidae","Tridacna","Tridacna squamosa","Tridacna","squamosa","SPECIES","ACCEPTED",NA,2003,6,23,"2003-06-23T00:00:00","2021-03-09T11:22:36.453+00:00",NA,"http://creativecommons.org/licenses/by-nc/4.0/legalcode",FALSE,"WGS84","Bivalvia","FJ","Fiji",NA,"71828385-9086-4A24-81E5-0E83149355D6_7659835D-B21F-41BA-8261-11CD30196B11","Kim Friedman",NA,NA,NA,1848344555,"71828385-9086-4A24-81E5-0E83149355D6_7659835D-B21F-41BA-8261-11CD30196B11",NA,NA,NA,NA,NA,NA,NA,NA,NA,NA,"PROCFish/C",NA,NA,NA,"SPC",NA,NA,NA,NA,NA,NA,1,NA,"71828385-9086-4A24-81E5-0E83149355D6",NA,NA,NA,NA,"86132833-1e2f-4d6f-ad82-bec53b355e04",NA,NA,"831cefd7-10b8-4c21-8f04-30e5d3020d7b",NA,NA,NA,NA,NA,NA,"http://purl.org/spc/digilib/doc/pfj5w",NA,NA,NA,NA,NA,NA,"en",NA,NA,NA,"BID-PA2016-0002-REG","BID","Manta tow transect",NA,NA,NA,NA,NA,NA,NA,NA,NA,NA,NA,NA,NA,NA,NA,NA,NA,NA,NA,NA,NA,NA,NA,NA,NA,NA,NA,"Tridacna squamosa Lamarck, 1819"
179.70523,-16.154845,1848344562,"Tridacna squamosa Lamarck, 1819",-16.154845,179.70523,"cdround,osiic,colmano,inmafu","b5441d39-7564-4c70-bd9d-b90236808892","e15c40ad-b68e-4759-bab3-0c2ac9079215","6b459ded-20ca-46f2-8323-5f4eed4b9fde","NC","DWC_ARCHIVE","2021-02-26T15:53:07.164+00:00","2021-03-09T11:22:36.694+00:00",117,"cd3512e7-886c-4873-b629-740abe8ae74e","HUMAN_OBSERVATION","PRESENT",4372624,1,52,137,9529005,6858,4372618,4372624,4372624,"Tridacna squamosa Lamarck, 1819","Animalia","Mollusca","Cardiida","Cardiidae","Tridacna","Tridacna squamosa","Tridacna","squamosa","SPECIES","ACCEPTED",NA,2003,6,26,"2003-06-26T00:00:00","2021-03-09T11:22:36.694+00:00",NA,"http://creativecommons.org/licenses/by-nc/4.0/legalcode",FALSE,"WGS84","Bivalvia","FJ","Fiji",NA,"2DDF42C4-FCED-4992-8D12-ECB7FA7D511F_7659835D-B21F-41BA-8261-11CD30196B11","Kim Friedman",NA,NA,NA,1848344562,"2DDF42C4-FCED-4992-8D12-ECB7FA7D511F_7659835D-B21F-41BA-8261-11CD30196B11",NA,NA,NA,NA,NA,NA,NA,NA,NA,NA,"PROCFish/C",NA,NA,NA,"SPC",NA,NA,NA,NA,NA,NA,1,NA,"2DDF42C4-FCED-4992-8D12-ECB7FA7D511F",NA,NA,NA,NA,"86132833-1e2f-4d6f-ad82-bec53b355e04",NA,NA,"831cefd7-10b8-4c21-8f04-30e5d3020d7b",NA,NA,NA,NA,NA,NA,"http://purl.org/spc/digilib/doc/pfj5w",NA,NA,NA,NA,NA,NA,"en",NA,NA,NA,"BID-PA2016-0002-REG","BID","Manta tow transect",NA,NA,NA,NA,NA,NA,NA,NA,NA,NA,NA,NA,NA,NA,NA,NA,NA,NA,NA,NA,NA,NA,NA,NA,NA,NA,NA,"Tridacna squamosa Lamarck, 1819"
179.776967,-16.145083,1848344690,"Tridacna squamosa Lamarck, 1819",-16.145083,179.776967,"cdround,osiic,colmano,inmafu","b5441d39-7564-4c70-bd9d-b90236808892","e15c40ad-b68e-4759-bab3-0c2ac9079215","6b459ded-20ca-46f2-8323-5f4eed4b9fde","NC","DWC_ARCHIVE","2021-02-26T15:53:07.164+00:00","2021-03-09T11:22:36.876+00:00",117,"cd3512e7-886c-4873-b629-740abe8ae74e","HUMAN_OBSERVATION","PRESENT",4372624,1,52,137,9529005,6858,4372618,4372624,4372624,"Tridacna squamosa Lamarck, 1819","Animalia","Mollusca","Cardiida","Cardiidae","Tridacna","Tridacna squamosa","Tridacna","squamosa","SPECIES","ACCEPTED",NA,2003,6,20,"2003-06-20T00:00:00","2021-03-09T11:22:36.876+00:00",NA,"http://creativecommons.org/licenses/by-nc/4.0/legalcode",FALSE,"WGS84","Bivalvia","FJ","Fiji",NA,"F43D4EBE-6B6B-4A61-8F2E-D1E7187EBCD7_7659835D-B21F-41BA-8261-11CD30196B11","Kim Friedman",NA,NA,NA,1848344690,"F43D4EBE-6B6B-4A61-8F2E-D1E7187EBCD7_7659835D-B21F-41BA-8261-11CD30196B11",NA,NA,NA,NA,NA,NA,NA,NA,NA,NA,"PROCFish/C",NA,NA,NA,"SPC",NA,NA,NA,NA,NA,NA,1,NA,"F43D4EBE-6B6B-4A61-8F2E-D1E7187EBCD7",NA,NA,NA,NA,"86132833-1e2f-4d6f-ad82-bec53b355e04",NA,NA,"831cefd7-10b8-4c21-8f04-30e5d3020d7b",NA,NA,NA,NA,NA,NA,"http://purl.org/spc/digilib/doc/pfj5w",NA,NA,NA,NA,NA,NA,"en",NA,NA,NA,"BID-PA2016-0002-REG","BID","Manta tow transect",NA,NA,NA,NA,NA,NA,NA,NA,NA,NA,NA,NA,NA,NA,NA,NA,NA,NA,NA,NA,NA,NA,NA,NA,NA,NA,NA,"Tridacna squamosa Lamarck, 1819"
179.65005,-16.172433,1848344825,"Tridacna squamosa Lamarck, 1819",-16.172433,179.65005,"cdround,osiic,colmano,inmafu","b5441d39-7564-4c70-bd9d-b90236808892","e15c40ad-b68e-4759-bab3-0c2ac9079215","6b459ded-20ca-46f2-8323-5f4eed4b9fde","NC","DWC_ARCHIVE","2021-02-26T15:53:07.164+00:00","2021-03-09T11:22:36.807+00:00",117,"cd3512e7-886c-4873-b629-740abe8ae74e","HUMAN_OBSERVATION","PRESENT",4372624,1,52,137,9529005,6858,4372618,4372624,4372624,"Tridacna squamosa Lamarck, 1819","Animalia","Mollusca","Cardiida","Cardiidae","Tridacna","Tridacna squamosa","Tridacna","squamosa","SPECIES","ACCEPTED",NA,2003,6,23,"2003-06-23T00:00:00","2021-03-09T11:22:36.807+00:00",NA,"http://creativecommons.org/licenses/by-nc/4.0/legalcode",FALSE,"WGS84","Bivalvia","FJ","Fiji",NA,"A503C5DB-AEF5-4ED3-8ED5-A21409DFFAA9_7659835D-B21F-41BA-8261-11CD30196B11","Kim Friedman",NA,NA,NA,1848344825,"A503C5DB-AEF5-4ED3-8ED5-A21409DFFAA9_7659835D-B21F-41BA-8261-11CD30196B11",NA,NA,NA,NA,NA,NA,NA,NA,NA,NA,"PROCFish/C",NA,NA,NA,"SPC",NA,NA,NA,NA,NA,NA,1,NA,"A503C5DB-AEF5-4ED3-8ED5-A21409DFFAA9",NA,NA,NA,NA,"86132833-1e2f-4d6f-ad82-bec53b355e04",NA,NA,"831cefd7-10b8-4c21-8f04-30e5d3020d7b",NA,NA,NA,NA,NA,NA,"http://purl.org/spc/digilib/doc/pfj5w",NA,NA,NA,NA,NA,NA,"en",NA,NA,NA,"BID-PA2016-0002-REG","BID","Manta tow transect",NA,NA,NA,NA,NA,NA,NA,NA,NA,NA,NA,NA,NA,NA,NA,NA,NA,NA,NA,NA,NA,NA,NA,NA,NA,NA,NA,"Tridacna squamosa Lamarck, 1819"
179.803508,-16.150492,1848344834,"Tridacna squamosa Lamarck, 1819",-16.150492,179.803508,"cdround,osiic,colmano,inmafu","b5441d39-7564-4c70-bd9d-b90236808892","e15c40ad-b68e-4759-bab3-0c2ac9079215","6b459ded-20ca-46f2-8323-5f4eed4b9fde","NC","DWC_ARCHIVE","2021-02-26T15:53:07.164+00:00","2021-03-09T11:22:36.712+00:00",117,"cd3512e7-886c-4873-b629-740abe8ae74e","HUMAN_OBSERVATION","PRESENT",4372624,1,52,137,9529005,6858,4372618,4372624,4372624,"Tridacna squamosa Lamarck, 1819","Animalia","Mollusca","Cardiida","Cardiidae","Tridacna","Tridacna squamosa","Tridacna","squamosa","SPECIES","ACCEPTED",NA,2003,6,20,"2003-06-20T00:00:00","2021-03-09T11:22:36.712+00:00",NA,"http://creativecommons.org/licenses/by-nc/4.0/legalcode",FALSE,"WGS84","Bivalvia","FJ","Fiji",NA,"909A3AFC-1276-429A-9AE5-FCAE511AFEAC_7659835D-B21F-41BA-8261-11CD30196B11","Kim Friedman",NA,NA,NA,1848344834,"909A3AFC-1276-429A-9AE5-FCAE511AFEAC_7659835D-B21F-41BA-8261-11CD30196B11",NA,NA,NA,NA,NA,NA,NA,NA,NA,NA,"PROCFish/C",NA,NA,NA,"SPC",NA,NA,NA,NA,NA,NA,1,NA,"909A3AFC-1276-429A-9AE5-FCAE511AFEAC",NA,NA,NA,NA,"86132833-1e2f-4d6f-ad82-bec53b355e04",NA,NA,"831cefd7-10b8-4c21-8f04-30e5d3020d7b",NA,NA,NA,NA,NA,NA,"http://purl.org/spc/digilib/doc/pfj5w",NA,NA,NA,NA,NA,NA,"en",NA,NA,NA,"BID-PA2016-0002-REG","BID","Manta tow transect",NA,NA,NA,NA,NA,NA,NA,NA,NA,NA,NA,NA,NA,NA,NA,NA,NA,NA,NA,NA,NA,NA,NA,NA,NA,NA,NA,"Tridacna squamosa Lamarck, 1819"
179.749483,-16.148933,1848344846,"Tridacna squamosa Lamarck, 1819",-16.148933,179.749483,"osiic,colmano,inmafu","b5441d39-7564-4c70-bd9d-b90236808892","e15c40ad-b68e-4759-bab3-0c2ac9079215","6b459ded-20ca-46f2-8323-5f4eed4b9fde","NC","DWC_ARCHIVE","2021-02-26T15:53:07.164+00:00","2021-03-09T11:22:36.685+00:00",117,"cd3512e7-886c-4873-b629-740abe8ae74e","HUMAN_OBSERVATION","PRESENT",4372624,1,52,137,9529005,6858,4372618,4372624,4372624,"Tridacna squamosa Lamarck, 1819","Animalia","Mollusca","Cardiida","Cardiidae","Tridacna","Tridacna squamosa","Tridacna","squamosa","SPECIES","ACCEPTED",NA,2003,6,21,"2003-06-21T00:00:00","2021-03-09T11:22:36.685+00:00",NA,"http://creativecommons.org/licenses/by-nc/4.0/legalcode",FALSE,"WGS84","Bivalvia","FJ","Fiji",NA,"21D1018D-9311-40BE-A7A7-2B6963E53CEC_7659835D-B21F-41BA-8261-11CD30196B11","Chris Ramofafia",NA,NA,NA,1848344846,"21D1018D-9311-40BE-A7A7-2B6963E53CEC_7659835D-B21F-41BA-8261-11CD30196B11",NA,NA,NA,NA,NA,NA,NA,NA,NA,NA,"PROCFish/C",NA,NA,NA,"SPC",NA,NA,NA,NA,NA,NA,1,NA,"21D1018D-9311-40BE-A7A7-2B6963E53CEC",NA,NA,NA,NA,"86132833-1e2f-4d6f-ad82-bec53b355e04",NA,NA,"831cefd7-10b8-4c21-8f04-30e5d3020d7b",NA,NA,NA,NA,NA,NA,"http://purl.org/spc/digilib/doc/pfj5w",NA,NA,NA,NA,NA,NA,"en",NA,NA,NA,"BID-PA2016-0002-REG","BID","Mother of pearl search",NA,NA,NA,NA,NA,NA,NA,NA,NA,NA,NA,NA,NA,NA,NA,NA,NA,NA,NA,NA,NA,NA,NA,NA,NA,NA,NA,"Tridacna squamosa Lamarck, 1819"
179.749483,-16.148933,1848344858,"Tridacna squamosa Lamarck, 1819",-16.148933,179.749483,"osiic,colmano,inmafu","b5441d39-7564-4c70-bd9d-b90236808892","e15c40ad-b68e-4759-bab3-0c2ac9079215","6b459ded-20ca-46f2-8323-5f4eed4b9fde","NC","DWC_ARCHIVE","2021-02-26T15:53:07.164+00:00","2021-03-09T11:22:36.804+00:00",117,"cd3512e7-886c-4873-b629-740abe8ae74e","HUMAN_OBSERVATION","PRESENT",4372624,1,52,137,9529005,6858,4372618,4372624,4372624,"Tridacna squamosa Lamarck, 1819","Animalia","Mollusca","Cardiida","Cardiidae","Tridacna","Tridacna squamosa","Tridacna","squamosa","SPECIES","ACCEPTED",NA,2003,6,21,"2003-06-21T00:00:00","2021-03-09T11:22:36.804+00:00",NA,"http://creativecommons.org/licenses/by-nc/4.0/legalcode",FALSE,"WGS84","Bivalvia","FJ","Fiji",NA,"2BB8F647-FD96-4539-9036-65BB1DE51E81_7659835D-B21F-41BA-8261-11CD30196B11","Chris Ramofafia",NA,NA,NA,1848344858,"2BB8F647-FD96-4539-9036-65BB1DE51E81_7659835D-B21F-41BA-8261-11CD30196B11",NA,NA,NA,NA,NA,NA,NA,NA,NA,NA,"PROCFish/C",NA,NA,NA,"SPC",NA,NA,NA,NA,NA,NA,1,NA,"2BB8F647-FD96-4539-9036-65BB1DE51E81",NA,NA,NA,NA,"86132833-1e2f-4d6f-ad82-bec53b355e04",NA,NA,"831cefd7-10b8-4c21-8f04-30e5d3020d7b",NA,NA,NA,NA,NA,NA,"http://purl.org/spc/digilib/doc/pfj5w",NA,NA,NA,NA,NA,NA,"en",NA,NA,NA,"BID-PA2016-0002-REG","BID","Mother of pearl search",NA,NA,NA,NA,NA,NA,NA,NA,NA,NA,NA,NA,NA,NA,NA,NA,NA,NA,NA,NA,NA,NA,NA,NA,NA,NA,NA,"Tridacna squamosa Lamarck, 1819"
179.749483,-16.148933,1848344862,"Tridacna squamosa Lamarck, 1819",-16.148933,179.749483,"osiic,colmano,inmafu","b5441d39-7564-4c70-bd9d-b90236808892","e15c40ad-b68e-4759-bab3-0c2ac9079215","6b459ded-20ca-46f2-8323-5f4eed4b9fde","NC","DWC_ARCHIVE","2021-02-26T15:53:07.164+00:00","2021-03-09T11:22:36.797+00:00",117,"cd3512e7-886c-4873-b629-740abe8ae74e","HUMAN_OBSERVATION","PRESENT",4372624,1,52,137,9529005,6858,4372618,4372624,4372624,"Tridacna squamosa Lamarck, 1819","Animalia","Mollusca","Cardiida","Cardiidae","Tridacna","Tridacna squamosa","Tridacna","squamosa","SPECIES","ACCEPTED",NA,2003,6,21,"2003-06-21T00:00:00","2021-03-09T11:22:36.797+00:00",NA,"http://creativecommons.org/licenses/by-nc/4.0/legalcode",FALSE,"WGS84","Bivalvia","FJ","Fiji",NA,"691A1A08-F024-42E5-A020-F3C655C40BE2_7659835D-B21F-41BA-8261-11CD30196B11","Chris Ramofafia",NA,NA,NA,1848344862,"691A1A08-F024-42E5-A020-F3C655C40BE2_7659835D-B21F-41BA-8261-11CD30196B11",NA,NA,NA,NA,NA,NA,NA,NA,NA,NA,"PROCFish/C",NA,NA,NA,"SPC",NA,NA,NA,NA,NA,NA,1,NA,"691A1A08-F024-42E5-A020-F3C655C40BE2",NA,NA,NA,NA,"86132833-1e2f-4d6f-ad82-bec53b355e04",NA,NA,"831cefd7-10b8-4c21-8f04-30e5d3020d7b",NA,NA,NA,NA,NA,NA,"http://purl.org/spc/digilib/doc/pfj5w",NA,NA,NA,NA,NA,NA,"en",NA,NA,NA,"BID-PA2016-0002-REG","BID","Mother of pearl search",NA,NA,NA,NA,NA,NA,NA,NA,NA,NA,NA,NA,NA,NA,NA,NA,NA,NA,NA,NA,NA,NA,NA,NA,NA,NA,NA,"Tridacna squamosa Lamarck, 1819"
179.182792,-16.334277,1848345040,"Tridacna squamosa Lamarck, 1819",-16.334277,179.182792,"cdround,osiic,colmano,inmafu","b5441d39-7564-4c70-bd9d-b90236808892","e15c40ad-b68e-4759-bab3-0c2ac9079215","6b459ded-20ca-46f2-8323-5f4eed4b9fde","NC","DWC_ARCHIVE","2021-02-26T15:53:07.164+00:00","2021-03-09T11:22:36.982+00:00",117,"cd3512e7-886c-4873-b629-740abe8ae74e","HUMAN_OBSERVATION","PRESENT",4372624,1,52,137,9529005,6858,4372618,4372624,4372624,"Tridacna squamosa Lamarck, 1819","Animalia","Mollusca","Cardiida","Cardiidae","Tridacna","Tridacna squamosa","Tridacna","squamosa","SPECIES","ACCEPTED",NA,2003,6,16,"2003-06-16T00:00:00","2021-03-09T11:22:36.982+00:00",NA,"http://creativecommons.org/licenses/by-nc/4.0/legalcode",FALSE,"WGS84","Bivalvia","FJ","Fiji",NA,"1D266405-B761-4838-8CBB-7BE518A1DF06_7659835D-B21F-41BA-8261-11CD30196B11","Kim Friedman",NA,NA,NA,1848345040,"1D266405-B761-4838-8CBB-7BE518A1DF06_7659835D-B21F-41BA-8261-11CD30196B11",NA,NA,NA,NA,NA,NA,NA,NA,NA,NA,"PROCFish/C",NA,NA,NA,"SPC",NA,NA,NA,NA,NA,NA,2,NA,"1D266405-B761-4838-8CBB-7BE518A1DF06",NA,NA,NA,NA,"86132833-1e2f-4d6f-ad82-bec53b355e04",NA,NA,"831cefd7-10b8-4c21-8f04-30e5d3020d7b",NA,NA,NA,NA,NA,NA,"http://purl.org/spc/digilib/doc/pfj5w",NA,NA,NA,NA,NA,NA,"en",NA,NA,NA,"BID-PA2016-0002-REG","BID","Manta tow transect",NA,NA,NA,NA,NA,NA,NA,NA,NA,NA,NA,NA,NA,NA,NA,NA,NA,NA,NA,NA,NA,NA,NA,NA,NA,NA,NA,"Tridacna squamosa Lamarck, 1819"
179.180688,-16.332328,1848345044,"Tridacna squamosa Lamarck, 1819",-16.332328,179.180688,"cdround,osiic,colmano,inmafu","b5441d39-7564-4c70-bd9d-b90236808892","e15c40ad-b68e-4759-bab3-0c2ac9079215","6b459ded-20ca-46f2-8323-5f4eed4b9fde","NC","DWC_ARCHIVE","2021-02-26T15:53:07.164+00:00","2021-03-09T11:22:36.503+00:00",117,"cd3512e7-886c-4873-b629-740abe8ae74e","HUMAN_OBSERVATION","PRESENT",4372624,1,52,137,9529005,6858,4372618,4372624,4372624,"Tridacna squamosa Lamarck, 1819","Animalia","Mollusca","Cardiida","Cardiidae","Tridacna","Tridacna squamosa","Tridacna","squamosa","SPECIES","ACCEPTED",NA,2003,6,16,"2003-06-16T00:00:00","2021-03-09T11:22:36.503+00:00",NA,"http://creativecommons.org/licenses/by-nc/4.0/legalcode",FALSE,"WGS84","Bivalvia","FJ","Fiji",NA,"F42DF31F-0C00-4CB1-8758-88E16FC3A60D_7659835D-B21F-41BA-8261-11CD30196B11","Kim Friedman",NA,NA,NA,1848345044,"F42DF31F-0C00-4CB1-8758-88E16FC3A60D_7659835D-B21F-41BA-8261-11CD30196B11",NA,NA,NA,NA,NA,NA,NA,NA,NA,NA,"PROCFish/C",NA,NA,NA,"SPC",NA,NA,NA,NA,NA,NA,2,NA,"F42DF31F-0C00-4CB1-8758-88E16FC3A60D",NA,NA,NA,NA,"86132833-1e2f-4d6f-ad82-bec53b355e04",NA,NA,"831cefd7-10b8-4c21-8f04-30e5d3020d7b",NA,NA,NA,NA,NA,NA,"http://purl.org/spc/digilib/doc/pfj5w",NA,NA,NA,NA,NA,NA,"en",NA,NA,NA,"BID-PA2016-0002-REG","BID","Manta tow transect",NA,NA,NA,NA,NA,NA,NA,NA,NA,NA,NA,NA,NA,NA,NA,NA,NA,NA,NA,NA,NA,NA,NA,NA,NA,NA,NA,"Tridacna squamosa Lamarck, 1819"
179.329762,-16.308436,1848345185,"Tridacna squamosa Lamarck, 1819",-16.308436,179.329762,"cdround,osiic,colmano,inmafu","b5441d39-7564-4c70-bd9d-b90236808892","e15c40ad-b68e-4759-bab3-0c2ac9079215","6b459ded-20ca-46f2-8323-5f4eed4b9fde","NC","DWC_ARCHIVE","2021-02-26T15:53:07.164+00:00","2021-03-09T11:22:36.968+00:00",117,"cd3512e7-886c-4873-b629-740abe8ae74e","HUMAN_OBSERVATION","PRESENT",4372624,1,52,137,9529005,6858,4372618,4372624,4372624,"Tridacna squamosa Lamarck, 1819","Animalia","Mollusca","Cardiida","Cardiidae","Tridacna","Tridacna squamosa","Tridacna","squamosa","SPECIES","ACCEPTED",NA,2003,6,16,"2003-06-16T00:00:00","2021-03-09T11:22:36.968+00:00",NA,"http://creativecommons.org/licenses/by-nc/4.0/legalcode",FALSE,"WGS84","Bivalvia","FJ","Fiji",NA,"BF3EBF34-2034-4011-A466-C61C53856054_7659835D-B21F-41BA-8261-11CD30196B11","Kim Friedman",NA,NA,NA,1848345185,"BF3EBF34-2034-4011-A466-C61C53856054_7659835D-B21F-41BA-8261-11CD30196B11",NA,NA,NA,NA,NA,NA,NA,NA,NA,NA,"PROCFish/C",NA,NA,NA,"SPC",NA,NA,NA,NA,NA,NA,1,NA,"BF3EBF34-2034-4011-A466-C61C53856054",NA,NA,NA,NA,"86132833-1e2f-4d6f-ad82-bec53b355e04",NA,NA,"831cefd7-10b8-4c21-8f04-30e5d3020d7b",NA,NA,NA,NA,NA,NA,"http://purl.org/spc/digilib/doc/pfj5w",NA,NA,NA,NA,NA,NA,"en",NA,NA,NA,"BID-PA2016-0002-REG","BID","Manta tow transect",NA,NA,NA,NA,NA,NA,NA,NA,NA,NA,NA,NA,NA,NA,NA,NA,NA,NA,NA,NA,NA,NA,NA,NA,NA,NA,NA,"Tridacna squamosa Lamarck, 1819"
179.311975,-16.322032,1848345194,"Tridacna squamosa Lamarck, 1819",-16.322032,179.311975,"osiic,colmano,inmafu","b5441d39-7564-4c70-bd9d-b90236808892","e15c40ad-b68e-4759-bab3-0c2ac9079215","6b459ded-20ca-46f2-8323-5f4eed4b9fde","NC","DWC_ARCHIVE","2021-02-26T15:53:07.164+00:00","2021-03-09T11:22:36.702+00:00",117,"cd3512e7-886c-4873-b629-740abe8ae74e","HUMAN_OBSERVATION","PRESENT",4372624,1,52,137,9529005,6858,4372618,4372624,4372624,"Tridacna squamosa Lamarck, 1819","Animalia","Mollusca","Cardiida","Cardiidae","Tridacna","Tridacna squamosa","Tridacna","squamosa","SPECIES","ACCEPTED",NA,2003,6,13,"2003-06-13T00:00:00","2021-03-09T11:22:36.702+00:00",NA,"http://creativecommons.org/licenses/by-nc/4.0/legalcode",FALSE,"WGS84","Bivalvia","FJ","Fiji",NA,"E8B63F7D-82D7-4FC2-B1C9-66E040EF192A_7659835D-B21F-41BA-8261-11CD30196B11","Kim Friedman",NA,NA,NA,1848345194,"E8B63F7D-82D7-4FC2-B1C9-66E040EF192A_7659835D-B21F-41BA-8261-11CD30196B11",NA,NA,NA,NA,NA,NA,NA,NA,NA,NA,"PROCFish/C",NA,NA,NA,"SPC",NA,NA,NA,NA,NA,NA,1,NA,"E8B63F7D-82D7-4FC2-B1C9-66E040EF192A",NA,NA,NA,NA,"86132833-1e2f-4d6f-ad82-bec53b355e04",NA,NA,"831cefd7-10b8-4c21-8f04-30e5d3020d7b",NA,NA,NA,NA,NA,NA,"http://purl.org/spc/digilib/doc/pfj5w",NA,NA,NA,NA,NA,NA,"en",NA,NA,NA,"BID-PA2016-0002-REG","BID","Manta tow transect",NA,NA,NA,NA,NA,NA,NA,NA,NA,NA,NA,NA,NA,NA,NA,NA,NA,NA,NA,NA,NA,NA,NA,NA,NA,NA,NA,"Tridacna squamosa Lamarck, 1819"
179.306357,-16.328124,1848345203,"Tridacna squamosa Lamarck, 1819",-16.328124,179.306357,"osiic,colmano,inmafu","b5441d39-7564-4c70-bd9d-b90236808892","e15c40ad-b68e-4759-bab3-0c2ac9079215","6b459ded-20ca-46f2-8323-5f4eed4b9fde","NC","DWC_ARCHIVE","2021-02-26T15:53:07.164+00:00","2021-03-09T11:22:36.528+00:00",117,"cd3512e7-886c-4873-b629-740abe8ae74e","HUMAN_OBSERVATION","PRESENT",4372624,1,52,137,9529005,6858,4372618,4372624,4372624,"Tridacna squamosa Lamarck, 1819","Animalia","Mollusca","Cardiida","Cardiidae","Tridacna","Tridacna squamosa","Tridacna","squamosa","SPECIES","ACCEPTED",NA,2003,6,14,"2003-06-14T00:00:00","2021-03-09T11:22:36.528+00:00",NA,"http://creativecommons.org/licenses/by-nc/4.0/legalcode",FALSE,"WGS84","Bivalvia","FJ","Fiji",NA,"E7C04641-35FE-4072-AEFE-7C749289E04E_7659835D-B21F-41BA-8261-11CD30196B11","Chris Ramofafia",NA,NA,NA,1848345203,"E7C04641-35FE-4072-AEFE-7C749289E04E_7659835D-B21F-41BA-8261-11CD30196B11",NA,NA,NA,NA,NA,NA,NA,NA,NA,NA,"PROCFish/C",NA,NA,NA,"SPC",NA,NA,NA,NA,NA,NA,1,NA,"E7C04641-35FE-4072-AEFE-7C749289E04E",NA,NA,NA,NA,"86132833-1e2f-4d6f-ad82-bec53b355e04",NA,NA,"831cefd7-10b8-4c21-8f04-30e5d3020d7b",NA,NA,NA,NA,NA,NA,"http://purl.org/spc/digilib/doc/pfj5w",NA,NA,NA,NA,NA,NA,"en",NA,NA,NA,"BID-PA2016-0002-REG","BID","Reef benthos transect",NA,NA,NA,NA,NA,NA,NA,NA,NA,NA,NA,NA,NA,NA,NA,NA,NA,NA,NA,NA,NA,NA,NA,NA,NA,NA,NA,"Tridacna squamosa Lamarck, 1819"
179.305589,-16.328491,1848345231,"Tridacna squamosa Lamarck, 1819",-16.328491,179.305589,"osiic,colmano,inmafu","b5441d39-7564-4c70-bd9d-b90236808892","e15c40ad-b68e-4759-bab3-0c2ac9079215","6b459ded-20ca-46f2-8323-5f4eed4b9fde","NC","DWC_ARCHIVE","2021-02-26T15:53:07.164+00:00","2021-03-09T11:22:36.460+00:00",117,"cd3512e7-886c-4873-b629-740abe8ae74e","HUMAN_OBSERVATION","PRESENT",4372624,1,52,137,9529005,6858,4372618,4372624,4372624,"Tridacna squamosa Lamarck, 1819","Animalia","Mollusca","Cardiida","Cardiidae","Tridacna","Tridacna squamosa","Tridacna","squamosa","SPECIES","ACCEPTED",NA,2003,6,18,"2003-06-18T00:00:00","2021-03-09T11:22:36.460+00:00",NA,"http://creativecommons.org/licenses/by-nc/4.0/legalcode",FALSE,"WGS84","Bivalvia","FJ","Fiji",NA,"DE9CCF1F-740A-4F48-921F-B1CADB6D2D67_7659835D-B21F-41BA-8261-11CD30196B11","Kim Friedman",NA,NA,NA,1848345231,"DE9CCF1F-740A-4F48-921F-B1CADB6D2D67_7659835D-B21F-41BA-8261-11CD30196B11",NA,NA,NA,NA,NA,NA,NA,NA,NA,NA,"PROCFish/C",NA,NA,NA,"SPC",NA,NA,NA,NA,NA,NA,2,NA,"DE9CCF1F-740A-4F48-921F-B1CADB6D2D67",NA,NA,NA,NA,"86132833-1e2f-4d6f-ad82-bec53b355e04",NA,NA,"831cefd7-10b8-4c21-8f04-30e5d3020d7b",NA,NA,NA,NA,NA,NA,"http://purl.org/spc/digilib/doc/pfj5w",NA,NA,NA,NA,NA,NA,"en",NA,NA,NA,"BID-PA2016-0002-REG","BID","Reef benthos transect",NA,NA,NA,NA,NA,NA,NA,NA,NA,NA,NA,NA,NA,NA,NA,NA,NA,NA,NA,NA,NA,NA,NA,NA,NA,NA,NA,"Tridacna squamosa Lamarck, 1819"
179.306357,-16.328124,1848345232,"Tridacna squamosa Lamarck, 1819",-16.328124,179.306357,"osiic,colmano,inmafu","b5441d39-7564-4c70-bd9d-b90236808892","e15c40ad-b68e-4759-bab3-0c2ac9079215","6b459ded-20ca-46f2-8323-5f4eed4b9fde","NC","DWC_ARCHIVE","2021-02-26T15:53:07.164+00:00","2021-03-09T11:22:36.893+00:00",117,"cd3512e7-886c-4873-b629-740abe8ae74e","HUMAN_OBSERVATION","PRESENT",4372624,1,52,137,9529005,6858,4372618,4372624,4372624,"Tridacna squamosa Lamarck, 1819","Animalia","Mollusca","Cardiida","Cardiidae","Tridacna","Tridacna squamosa","Tridacna","squamosa","SPECIES","ACCEPTED",NA,2003,6,14,"2003-06-14T00:00:00","2021-03-09T11:22:36.893+00:00",NA,"http://creativecommons.org/licenses/by-nc/4.0/legalcode",FALSE,"WGS84","Bivalvia","FJ","Fiji",NA,"6D6F577E-F81A-4261-9A56-9F77DBCF9AD0_7659835D-B21F-41BA-8261-11CD30196B11","Kim Friedman",NA,NA,NA,1848345232,"6D6F577E-F81A-4261-9A56-9F77DBCF9AD0_7659835D-B21F-41BA-8261-11CD30196B11",NA,NA,NA,NA,NA,NA,NA,NA,NA,NA,"PROCFish/C",NA,NA,NA,"SPC",NA,NA,NA,NA,NA,NA,1,NA,"6D6F577E-F81A-4261-9A56-9F77DBCF9AD0",NA,NA,NA,NA,"86132833-1e2f-4d6f-ad82-bec53b355e04",NA,NA,"831cefd7-10b8-4c21-8f04-30e5d3020d7b",NA,NA,NA,NA,NA,NA,"http://purl.org/spc/digilib/doc/pfj5w",NA,NA,NA,NA,NA,NA,"en",NA,NA,NA,"BID-PA2016-0002-REG","BID","Reef benthos transect",NA,NA,NA,NA,NA,NA,NA,NA,NA,NA,NA,NA,NA,NA,NA,NA,NA,NA,NA,NA,NA,NA,NA,NA,NA,NA,NA,"Tridacna squamosa Lamarck, 1819"
179.304835,-16.329756,1848345267,"Tridacna squamosa Lamarck, 1819",-16.329756,179.304835,"osiic,colmano,inmafu","b5441d39-7564-4c70-bd9d-b90236808892","e15c40ad-b68e-4759-bab3-0c2ac9079215","6b459ded-20ca-46f2-8323-5f4eed4b9fde","NC","DWC_ARCHIVE","2021-02-26T15:53:07.164+00:00","2021-03-09T11:22:36.455+00:00",117,"cd3512e7-886c-4873-b629-740abe8ae74e","HUMAN_OBSERVATION","PRESENT",4372624,1,52,137,9529005,6858,4372618,4372624,4372624,"Tridacna squamosa Lamarck, 1819","Animalia","Mollusca","Cardiida","Cardiidae","Tridacna","Tridacna squamosa","Tridacna","squamosa","SPECIES","ACCEPTED",NA,2003,6,17,"2003-06-17T00:00:00","2021-03-09T11:22:36.455+00:00",NA,"http://creativecommons.org/licenses/by-nc/4.0/legalcode",FALSE,"WGS84","Bivalvia","FJ","Fiji",NA,"CBA20C8E-852F-42E3-87AC-6546223758E5_7659835D-B21F-41BA-8261-11CD30196B11","Chris Ramofafia",NA,NA,NA,1848345267,"CBA20C8E-852F-42E3-87AC-6546223758E5_7659835D-B21F-41BA-8261-11CD30196B11",NA,NA,NA,NA,NA,NA,NA,NA,NA,NA,"PROCFish/C",NA,NA,NA,"SPC",NA,NA,NA,NA,NA,NA,1,NA,"CBA20C8E-852F-42E3-87AC-6546223758E5",NA,NA,NA,NA,"86132833-1e2f-4d6f-ad82-bec53b355e04",NA,NA,"831cefd7-10b8-4c21-8f04-30e5d3020d7b",NA,NA,NA,NA,NA,NA,"http://purl.org/spc/digilib/doc/pfj5w",NA,NA,NA,NA,NA,NA,"en",NA,NA,NA,"BID-PA2016-0002-REG","BID","Reef benthos transect",NA,NA,NA,NA,NA,NA,NA,NA,NA,NA,NA,NA,NA,NA,NA,NA,NA,NA,NA,NA,NA,NA,NA,NA,NA,NA,NA,"Tridacna squamosa Lamarck, 1819"
179.308031,-16.326605,1848345278,"Tridacna squamosa Lamarck, 1819",-16.326605,179.308031,"osiic,colmano,inmafu","b5441d39-7564-4c70-bd9d-b90236808892","e15c40ad-b68e-4759-bab3-0c2ac9079215","6b459ded-20ca-46f2-8323-5f4eed4b9fde","NC","DWC_ARCHIVE","2021-02-26T15:53:07.164+00:00","2021-03-09T11:22:36.368+00:00",117,"cd3512e7-886c-4873-b629-740abe8ae74e","HUMAN_OBSERVATION","PRESENT",4372624,1,52,137,9529005,6858,4372618,4372624,4372624,"Tridacna squamosa Lamarck, 1819","Animalia","Mollusca","Cardiida","Cardiidae","Tridacna","Tridacna squamosa","Tridacna","squamosa","SPECIES","ACCEPTED",NA,2003,6,14,"2003-06-14T00:00:00","2021-03-09T11:22:36.368+00:00",NA,"http://creativecommons.org/licenses/by-nc/4.0/legalcode",FALSE,"WGS84","Bivalvia","FJ","Fiji",NA,"D1B885C5-0327-4FE3-9E91-97A2AD17407D_7659835D-B21F-41BA-8261-11CD30196B11","Kim Friedman",NA,NA,NA,1848345278,"D1B885C5-0327-4FE3-9E91-97A2AD17407D_7659835D-B21F-41BA-8261-11CD30196B11",NA,NA,NA,NA,NA,NA,NA,NA,NA,NA,"PROCFish/C",NA,NA,NA,"SPC",NA,NA,NA,NA,NA,NA,1,NA,"D1B885C5-0327-4FE3-9E91-97A2AD17407D",NA,NA,NA,NA,"86132833-1e2f-4d6f-ad82-bec53b355e04",NA,NA,"831cefd7-10b8-4c21-8f04-30e5d3020d7b",NA,NA,NA,NA,NA,NA,"http://purl.org/spc/digilib/doc/pfj5w",NA,NA,NA,NA,NA,NA,"en",NA,NA,NA,"BID-PA2016-0002-REG","BID","Reef benthos transect",NA,NA,NA,NA,NA,NA,NA,NA,NA,NA,NA,NA,NA,NA,NA,NA,NA,NA,NA,NA,NA,NA,NA,NA,NA,NA,NA,"Tridacna squamosa Lamarck, 1819"
179.202361,-16.365075,1848345330,"Tridacna squamosa Lamarck, 1819",-16.365075,179.202361,"cdround,osiic,colmano,inmafu","b5441d39-7564-4c70-bd9d-b90236808892","e15c40ad-b68e-4759-bab3-0c2ac9079215","6b459ded-20ca-46f2-8323-5f4eed4b9fde","NC","DWC_ARCHIVE","2021-02-26T15:53:07.164+00:00","2021-03-09T11:22:36.622+00:00",117,"cd3512e7-886c-4873-b629-740abe8ae74e","HUMAN_OBSERVATION","PRESENT",4372624,1,52,137,9529005,6858,4372618,4372624,4372624,"Tridacna squamosa Lamarck, 1819","Animalia","Mollusca","Cardiida","Cardiidae","Tridacna","Tridacna squamosa","Tridacna","squamosa","SPECIES","ACCEPTED",NA,2003,6,16,"2003-06-16T00:00:00","2021-03-09T11:22:36.622+00:00",NA,"http://creativecommons.org/licenses/by-nc/4.0/legalcode",FALSE,"WGS84","Bivalvia","FJ","Fiji",NA,"9A6F6D8D-379A-4345-A356-65D23430ABD3_7659835D-B21F-41BA-8261-11CD30196B11","Kim Friedman",NA,NA,NA,1848345330,"9A6F6D8D-379A-4345-A356-65D23430ABD3_7659835D-B21F-41BA-8261-11CD30196B11",NA,NA,NA,NA,NA,NA,NA,NA,NA,NA,"PROCFish/C",NA,NA,NA,"SPC",NA,NA,NA,NA,NA,NA,1,NA,"9A6F6D8D-379A-4345-A356-65D23430ABD3",NA,NA,NA,NA,"86132833-1e2f-4d6f-ad82-bec53b355e04",NA,NA,"831cefd7-10b8-4c21-8f04-30e5d3020d7b",NA,NA,NA,NA,NA,NA,"http://purl.org/spc/digilib/doc/pfj5w",NA,NA,NA,NA,NA,NA,"en",NA,NA,NA,"BID-PA2016-0002-REG","BID","Manta tow transect",NA,NA,NA,NA,NA,NA,NA,NA,NA,NA,NA,NA,NA,NA,NA,NA,NA,NA,NA,NA,NA,NA,NA,NA,NA,NA,NA,"Tridacna squamosa Lamarck, 1819"
179.387001,-16.272304,1848345352,"Tridacna squamosa Lamarck, 1819",-16.272304,179.387001,"osiic,colmano,inmafu","b5441d39-7564-4c70-bd9d-b90236808892","e15c40ad-b68e-4759-bab3-0c2ac9079215","6b459ded-20ca-46f2-8323-5f4eed4b9fde","NC","DWC_ARCHIVE","2021-02-26T15:53:07.164+00:00","2021-03-09T11:22:36.622+00:00",117,"cd3512e7-886c-4873-b629-740abe8ae74e","HUMAN_OBSERVATION","PRESENT",4372624,1,52,137,9529005,6858,4372618,4372624,4372624,"Tridacna squamosa Lamarck, 1819","Animalia","Mollusca","Cardiida","Cardiidae","Tridacna","Tridacna squamosa","Tridacna","squamosa","SPECIES","ACCEPTED",NA,2003,6,15,"2003-06-15T00:00:00","2021-03-09T11:22:36.622+00:00",NA,"http://creativecommons.org/licenses/by-nc/4.0/legalcode",FALSE,"WGS84","Bivalvia","FJ","Fiji",NA,"052DEEA7-60A6-45EB-ABBA-792ACFF97C48_7659835D-B21F-41BA-8261-11CD30196B11","Kim Friedman",NA,NA,NA,1848345352,"052DEEA7-60A6-45EB-ABBA-792ACFF97C48_7659835D-B21F-41BA-8261-11CD30196B11",NA,NA,NA,NA,NA,NA,NA,NA,NA,NA,"PROCFish/C",NA,NA,NA,"SPC",NA,NA,NA,NA,NA,NA,1,NA,"052DEEA7-60A6-45EB-ABBA-792ACFF97C48",NA,NA,NA,NA,"86132833-1e2f-4d6f-ad82-bec53b355e04",NA,NA,"831cefd7-10b8-4c21-8f04-30e5d3020d7b",NA,NA,NA,NA,NA,NA,"http://purl.org/spc/digilib/doc/pfj5w",NA,NA,NA,NA,NA,NA,"en",NA,NA,NA,"BID-PA2016-0002-REG","BID","Manta tow transect",NA,NA,NA,NA,NA,NA,NA,NA,NA,NA,NA,NA,NA,NA,NA,NA,NA,NA,NA,NA,NA,NA,NA,NA,NA,NA,NA,"Tridacna squamosa Lamarck, 1819"
179.209202,-16.338708,1848345428,"Tridacna squamosa Lamarck, 1819",-16.338708,179.209202,"cdround,osiic,colmano,inmafu","b5441d39-7564-4c70-bd9d-b90236808892","e15c40ad-b68e-4759-bab3-0c2ac9079215","6b459ded-20ca-46f2-8323-5f4eed4b9fde","NC","DWC_ARCHIVE","2021-02-26T15:53:07.164+00:00","2021-03-09T11:22:36.786+00:00",117,"cd3512e7-886c-4873-b629-740abe8ae74e","HUMAN_OBSERVATION","PRESENT",4372624,1,52,137,9529005,6858,4372618,4372624,4372624,"Tridacna squamosa Lamarck, 1819","Animalia","Mollusca","Cardiida","Cardiidae","Tridacna","Tridacna squamosa","Tridacna","squamosa","SPECIES","ACCEPTED",NA,2003,6,16,"2003-06-16T00:00:00","2021-03-09T11:22:36.786+00:00",NA,"http://creativecommons.org/licenses/by-nc/4.0/legalcode",FALSE,"WGS84","Bivalvia","FJ","Fiji",NA,"7B6DBA40-79F9-4CA7-9933-8C62E0D4CBED_7659835D-B21F-41BA-8261-11CD30196B11","Kim Friedman",NA,NA,NA,1848345428,"7B6DBA40-79F9-4CA7-9933-8C62E0D4CBED_7659835D-B21F-41BA-8261-11CD30196B11",NA,NA,NA,NA,NA,NA,NA,NA,NA,NA,"PROCFish/C",NA,NA,NA,"SPC",NA,NA,NA,NA,NA,NA,1,NA,"7B6DBA40-79F9-4CA7-9933-8C62E0D4CBED",NA,NA,NA,NA,"86132833-1e2f-4d6f-ad82-bec53b355e04",NA,NA,"831cefd7-10b8-4c21-8f04-30e5d3020d7b",NA,NA,NA,NA,NA,NA,"http://purl.org/spc/digilib/doc/pfj5w",NA,NA,NA,NA,NA,NA,"en",NA,NA,NA,"BID-PA2016-0002-REG","BID","Manta tow transect",NA,NA,NA,NA,NA,NA,NA,NA,NA,NA,NA,NA,NA,NA,NA,NA,NA,NA,NA,NA,NA,NA,NA,NA,NA,NA,NA,"Tridacna squamosa Lamarck, 1819"
179.302815,-16.327489,1848345450,"Tridacna squamosa Lamarck, 1819",-16.327489,179.302815,"osiic,colmano,inmafu","b5441d39-7564-4c70-bd9d-b90236808892","e15c40ad-b68e-4759-bab3-0c2ac9079215","6b459ded-20ca-46f2-8323-5f4eed4b9fde","NC","DWC_ARCHIVE","2021-02-26T15:53:07.164+00:00","2021-03-09T11:22:36.536+00:00",117,"cd3512e7-886c-4873-b629-740abe8ae74e","HUMAN_OBSERVATION","PRESENT",4372624,1,52,137,9529005,6858,4372618,4372624,4372624,"Tridacna squamosa Lamarck, 1819","Animalia","Mollusca","Cardiida","Cardiidae","Tridacna","Tridacna squamosa","Tridacna","squamosa","SPECIES","ACCEPTED",NA,2003,6,13,"2003-06-13T00:00:00","2021-03-09T11:22:36.536+00:00",NA,"http://creativecommons.org/licenses/by-nc/4.0/legalcode",FALSE,"WGS84","Bivalvia","FJ","Fiji",NA,"A9B84E11-F99C-4D94-8E5F-5A31AC498F4A_7659835D-B21F-41BA-8261-11CD30196B11","Kim Friedman",NA,NA,NA,1848345450,"A9B84E11-F99C-4D94-8E5F-5A31AC498F4A_7659835D-B21F-41BA-8261-11CD30196B11",NA,NA,NA,NA,NA,NA,NA,NA,NA,NA,"PROCFish/C",NA,NA,NA,"SPC",NA,NA,NA,NA,NA,NA,1,NA,"A9B84E11-F99C-4D94-8E5F-5A31AC498F4A",NA,NA,NA,NA,"86132833-1e2f-4d6f-ad82-bec53b355e04",NA,NA,"831cefd7-10b8-4c21-8f04-30e5d3020d7b",NA,NA,NA,NA,NA,NA,"http://purl.org/spc/digilib/doc/pfj5w",NA,NA,NA,NA,NA,NA,"en",NA,NA,NA,"BID-PA2016-0002-REG","BID","Manta tow transect",NA,NA,NA,NA,NA,NA,NA,NA,NA,NA,NA,NA,NA,NA,NA,NA,NA,NA,NA,NA,NA,NA,NA,NA,NA,NA,NA,"Tridacna squamosa Lamarck, 1819"
179.241614,-16.291214,1848345454,"Tridacna squamosa Lamarck, 1819",-16.291214,179.241614,"cdround,osiic,colmano,inmafu","b5441d39-7564-4c70-bd9d-b90236808892","e15c40ad-b68e-4759-bab3-0c2ac9079215","6b459ded-20ca-46f2-8323-5f4eed4b9fde","NC","DWC_ARCHIVE","2021-02-26T15:53:07.164+00:00","2021-03-09T11:22:36.627+00:00",117,"cd3512e7-886c-4873-b629-740abe8ae74e","HUMAN_OBSERVATION","PRESENT",4372624,1,52,137,9529005,6858,4372618,4372624,4372624,"Tridacna squamosa Lamarck, 1819","Animalia","Mollusca","Cardiida","Cardiidae","Tridacna","Tridacna squamosa","Tridacna","squamosa","SPECIES","ACCEPTED",NA,2003,6,16,"2003-06-16T00:00:00","2021-03-09T11:22:36.627+00:00",NA,"http://creativecommons.org/licenses/by-nc/4.0/legalcode",FALSE,"WGS84","Bivalvia","FJ","Fiji",NA,"3C7970FC-EFBB-4F68-A4AE-1E5D1C2E14B6_7659835D-B21F-41BA-8261-11CD30196B11","Kim Friedman",NA,NA,NA,1848345454,"3C7970FC-EFBB-4F68-A4AE-1E5D1C2E14B6_7659835D-B21F-41BA-8261-11CD30196B11",NA,NA,NA,NA,NA,NA,NA,NA,NA,NA,"PROCFish/C",NA,NA,NA,"SPC",NA,NA,NA,NA,NA,NA,1,NA,"3C7970FC-EFBB-4F68-A4AE-1E5D1C2E14B6",NA,NA,NA,NA,"86132833-1e2f-4d6f-ad82-bec53b355e04",NA,NA,"831cefd7-10b8-4c21-8f04-30e5d3020d7b",NA,NA,NA,NA,NA,NA,"http://purl.org/spc/digilib/doc/pfj5w",NA,NA,NA,NA,NA,NA,"en",NA,NA,NA,"BID-PA2016-0002-REG","BID","Manta tow transect",NA,NA,NA,NA,NA,NA,NA,NA,NA,NA,NA,NA,NA,NA,NA,NA,NA,NA,NA,NA,NA,NA,NA,NA,NA,NA,NA,"Tridacna squamosa Lamarck, 1819"
179.186117,-16.340024,1848345729,"Tridacna squamosa Lamarck, 1819",-16.340024,179.186117,"cdround,osiic,colmano,inmafu","b5441d39-7564-4c70-bd9d-b90236808892","e15c40ad-b68e-4759-bab3-0c2ac9079215","6b459ded-20ca-46f2-8323-5f4eed4b9fde","NC","DWC_ARCHIVE","2021-02-26T15:53:07.164+00:00","2021-03-09T11:22:36.510+00:00",117,"cd3512e7-886c-4873-b629-740abe8ae74e","HUMAN_OBSERVATION","PRESENT",4372624,1,52,137,9529005,6858,4372618,4372624,4372624,"Tridacna squamosa Lamarck, 1819","Animalia","Mollusca","Cardiida","Cardiidae","Tridacna","Tridacna squamosa","Tridacna","squamosa","SPECIES","ACCEPTED",NA,2003,6,16,"2003-06-16T00:00:00","2021-03-09T11:22:36.510+00:00",NA,"http://creativecommons.org/licenses/by-nc/4.0/legalcode",FALSE,"WGS84","Bivalvia","FJ","Fiji",NA,"B950DE8A-550D-40BE-A1C1-882836196F19_7659835D-B21F-41BA-8261-11CD30196B11","Kim Friedman",NA,NA,NA,1848345729,"B950DE8A-550D-40BE-A1C1-882836196F19_7659835D-B21F-41BA-8261-11CD30196B11",NA,NA,NA,NA,NA,NA,NA,NA,NA,NA,"PROCFish/C",NA,NA,NA,"SPC",NA,NA,NA,NA,NA,NA,1,NA,"B950DE8A-550D-40BE-A1C1-882836196F19",NA,NA,NA,NA,"86132833-1e2f-4d6f-ad82-bec53b355e04",NA,NA,"831cefd7-10b8-4c21-8f04-30e5d3020d7b",NA,NA,NA,NA,NA,NA,"http://purl.org/spc/digilib/doc/pfj5w",NA,NA,NA,NA,NA,NA,"en",NA,NA,NA,"BID-PA2016-0002-REG","BID","Manta tow transect",NA,NA,NA,NA,NA,NA,NA,NA,NA,NA,NA,NA,NA,NA,NA,NA,NA,NA,NA,NA,NA,NA,NA,NA,NA,NA,NA,"Tridacna squamosa Lamarck, 1819"
179.314134,-16.322255,1848345750,"Tridacna squamosa Lamarck, 1819",-16.322255,179.314134,"osiic,colmano,inmafu","b5441d39-7564-4c70-bd9d-b90236808892","e15c40ad-b68e-4759-bab3-0c2ac9079215","6b459ded-20ca-46f2-8323-5f4eed4b9fde","NC","DWC_ARCHIVE","2021-02-26T15:53:07.164+00:00","2021-03-09T11:22:36.609+00:00",117,"cd3512e7-886c-4873-b629-740abe8ae74e","HUMAN_OBSERVATION","PRESENT",4372624,1,52,137,9529005,6858,4372618,4372624,4372624,"Tridacna squamosa Lamarck, 1819","Animalia","Mollusca","Cardiida","Cardiidae","Tridacna","Tridacna squamosa","Tridacna","squamosa","SPECIES","ACCEPTED",NA,2003,6,14,"2003-06-14T00:00:00","2021-03-09T11:22:36.609+00:00",NA,"http://creativecommons.org/licenses/by-nc/4.0/legalcode",FALSE,"WGS84","Bivalvia","FJ","Fiji",NA,"00AE953B-891E-40CF-995F-BB323297A512_7659835D-B21F-41BA-8261-11CD30196B11","Chris Ramofafia",NA,NA,NA,1848345750,"00AE953B-891E-40CF-995F-BB323297A512_7659835D-B21F-41BA-8261-11CD30196B11",NA,NA,NA,NA,NA,NA,NA,NA,NA,NA,"PROCFish/C",NA,NA,NA,"SPC",NA,NA,NA,NA,NA,NA,1,NA,"00AE953B-891E-40CF-995F-BB323297A512",NA,NA,NA,NA,"86132833-1e2f-4d6f-ad82-bec53b355e04",NA,NA,"831cefd7-10b8-4c21-8f04-30e5d3020d7b",NA,NA,NA,NA,NA,NA,"http://purl.org/spc/digilib/doc/pfj5w",NA,NA,NA,NA,NA,NA,"en",NA,NA,NA,"BID-PA2016-0002-REG","BID","Reef benthos transect",NA,NA,NA,NA,NA,NA,NA,NA,NA,NA,NA,NA,NA,NA,NA,NA,NA,NA,NA,NA,NA,NA,NA,NA,NA,NA,NA,"Tridacna squamosa Lamarck, 1819"
179.30619,-16.328785,1848345759,"Tridacna squamosa Lamarck, 1819",-16.328785,179.30619,"osiic,colmano,inmafu","b5441d39-7564-4c70-bd9d-b90236808892","e15c40ad-b68e-4759-bab3-0c2ac9079215","6b459ded-20ca-46f2-8323-5f4eed4b9fde","NC","DWC_ARCHIVE","2021-02-26T15:53:07.164+00:00","2021-03-09T11:22:36.513+00:00",117,"cd3512e7-886c-4873-b629-740abe8ae74e","HUMAN_OBSERVATION","PRESENT",4372624,1,52,137,9529005,6858,4372618,4372624,4372624,"Tridacna squamosa Lamarck, 1819","Animalia","Mollusca","Cardiida","Cardiidae","Tridacna","Tridacna squamosa","Tridacna","squamosa","SPECIES","ACCEPTED",NA,2003,6,18,"2003-06-18T00:00:00","2021-03-09T11:22:36.513+00:00",NA,"http://creativecommons.org/licenses/by-nc/4.0/legalcode",FALSE,"WGS84","Bivalvia","FJ","Fiji",NA,"3203AB3C-D983-4399-B801-692A298C0655_7659835D-B21F-41BA-8261-11CD30196B11","Chris Ramofafia",NA,NA,NA,1848345759,"3203AB3C-D983-4399-B801-692A298C0655_7659835D-B21F-41BA-8261-11CD30196B11",NA,NA,NA,NA,NA,NA,NA,NA,NA,NA,"PROCFish/C",NA,NA,NA,"SPC",NA,NA,NA,NA,NA,NA,1,NA,"3203AB3C-D983-4399-B801-692A298C0655",NA,NA,NA,NA,"86132833-1e2f-4d6f-ad82-bec53b355e04",NA,NA,"831cefd7-10b8-4c21-8f04-30e5d3020d7b",NA,NA,NA,NA,NA,NA,"http://purl.org/spc/digilib/doc/pfj5w",NA,NA,NA,NA,NA,NA,"en",NA,NA,NA,"BID-PA2016-0002-REG","BID","Reef benthos transect",NA,NA,NA,NA,NA,NA,NA,NA,NA,NA,NA,NA,NA,NA,NA,NA,NA,NA,NA,NA,NA,NA,NA,NA,NA,NA,NA,"Tridacna squamosa Lamarck, 1819"
179.310955,-16.324145,1848345793,"Tridacna squamosa Lamarck, 1819",-16.324145,179.310955,"osiic,colmano,inmafu","b5441d39-7564-4c70-bd9d-b90236808892","e15c40ad-b68e-4759-bab3-0c2ac9079215","6b459ded-20ca-46f2-8323-5f4eed4b9fde","NC","DWC_ARCHIVE","2021-02-26T15:53:07.164+00:00","2021-03-09T11:22:36.963+00:00",117,"cd3512e7-886c-4873-b629-740abe8ae74e","HUMAN_OBSERVATION","PRESENT",4372624,1,52,137,9529005,6858,4372618,4372624,4372624,"Tridacna squamosa Lamarck, 1819","Animalia","Mollusca","Cardiida","Cardiidae","Tridacna","Tridacna squamosa","Tridacna","squamosa","SPECIES","ACCEPTED",NA,2003,6,14,"2003-06-14T00:00:00","2021-03-09T11:22:36.963+00:00",NA,"http://creativecommons.org/licenses/by-nc/4.0/legalcode",FALSE,"WGS84","Bivalvia","FJ","Fiji",NA,"5788D14B-112F-465D-B1B8-7E5A99649F6F_7659835D-B21F-41BA-8261-11CD30196B11","Chris Ramofafia",NA,NA,NA,1848345793,"5788D14B-112F-465D-B1B8-7E5A99649F6F_7659835D-B21F-41BA-8261-11CD30196B11",NA,NA,NA,NA,NA,NA,NA,NA,NA,NA,"PROCFish/C",NA,NA,NA,"SPC",NA,NA,NA,NA,NA,NA,1,NA,"5788D14B-112F-465D-B1B8-7E5A99649F6F",NA,NA,NA,NA,"86132833-1e2f-4d6f-ad82-bec53b355e04",NA,NA,"831cefd7-10b8-4c21-8f04-30e5d3020d7b",NA,NA,NA,NA,NA,NA,"http://purl.org/spc/digilib/doc/pfj5w",NA,NA,NA,NA,NA,NA,"en",NA,NA,NA,"BID-PA2016-0002-REG","BID","Reef benthos transect",NA,NA,NA,NA,NA,NA,NA,NA,NA,NA,NA,NA,NA,NA,NA,NA,NA,NA,NA,NA,NA,NA,NA,NA,NA,NA,NA,"Tridacna squamosa Lamarck, 1819"
179.190783,-16.325821,1848345826,"Tridacna squamosa Lamarck, 1819",-16.325821,179.190783,"cdround,osiic,colmano,inmafu","b5441d39-7564-4c70-bd9d-b90236808892","e15c40ad-b68e-4759-bab3-0c2ac9079215","6b459ded-20ca-46f2-8323-5f4eed4b9fde","NC","DWC_ARCHIVE","2021-02-26T15:53:07.164+00:00","2021-03-09T11:22:37.040+00:00",117,"cd3512e7-886c-4873-b629-740abe8ae74e","HUMAN_OBSERVATION","PRESENT",4372624,1,52,137,9529005,6858,4372618,4372624,4372624,"Tridacna squamosa Lamarck, 1819","Animalia","Mollusca","Cardiida","Cardiidae","Tridacna","Tridacna squamosa","Tridacna","squamosa","SPECIES","ACCEPTED",NA,2003,6,16,"2003-06-16T00:00:00","2021-03-09T11:22:37.040+00:00",NA,"http://creativecommons.org/licenses/by-nc/4.0/legalcode",FALSE,"WGS84","Bivalvia","FJ","Fiji",NA,"4C743E62-AFE7-4422-B0C4-BBADB099B46E_7659835D-B21F-41BA-8261-11CD30196B11","Kim Friedman",NA,NA,NA,1848345826,"4C743E62-AFE7-4422-B0C4-BBADB099B46E_7659835D-B21F-41BA-8261-11CD30196B11",NA,NA,NA,NA,NA,NA,NA,NA,NA,NA,"PROCFish/C",NA,NA,NA,"SPC",NA,NA,NA,NA,NA,NA,4,NA,"4C743E62-AFE7-4422-B0C4-BBADB099B46E",NA,NA,NA,NA,"86132833-1e2f-4d6f-ad82-bec53b355e04",NA,NA,"831cefd7-10b8-4c21-8f04-30e5d3020d7b",NA,NA,NA,NA,NA,NA,"http://purl.org/spc/digilib/doc/pfj5w",NA,NA,NA,NA,NA,NA,"en",NA,NA,NA,"BID-PA2016-0002-REG","BID","Manta tow transect",NA,NA,NA,NA,NA,NA,NA,NA,NA,NA,NA,NA,NA,NA,NA,NA,NA,NA,NA,NA,NA,NA,NA,NA,NA,NA,NA,"Tridacna squamosa Lamarck, 1819"
179.18474,-16.336945,1848345829,"Tridacna squamosa Lamarck, 1819",-16.336945,179.18474,"cdround,osiic,colmano,inmafu","b5441d39-7564-4c70-bd9d-b90236808892","e15c40ad-b68e-4759-bab3-0c2ac9079215","6b459ded-20ca-46f2-8323-5f4eed4b9fde","NC","DWC_ARCHIVE","2021-02-26T15:53:07.164+00:00","2021-03-09T11:22:36.873+00:00",117,"cd3512e7-886c-4873-b629-740abe8ae74e","HUMAN_OBSERVATION","PRESENT",4372624,1,52,137,9529005,6858,4372618,4372624,4372624,"Tridacna squamosa Lamarck, 1819","Animalia","Mollusca","Cardiida","Cardiidae","Tridacna","Tridacna squamosa","Tridacna","squamosa","SPECIES","ACCEPTED",NA,2003,6,16,"2003-06-16T00:00:00","2021-03-09T11:22:36.873+00:00",NA,"http://creativecommons.org/licenses/by-nc/4.0/legalcode",FALSE,"WGS84","Bivalvia","FJ","Fiji",NA,"C3414C97-7A8D-456E-9E8F-8680673EBB43_7659835D-B21F-41BA-8261-11CD30196B11","Kim Friedman",NA,NA,NA,1848345829,"C3414C97-7A8D-456E-9E8F-8680673EBB43_7659835D-B21F-41BA-8261-11CD30196B11",NA,NA,NA,NA,NA,NA,NA,NA,NA,NA,"PROCFish/C",NA,NA,NA,"SPC",NA,NA,NA,NA,NA,NA,1,NA,"C3414C97-7A8D-456E-9E8F-8680673EBB43",NA,NA,NA,NA,"86132833-1e2f-4d6f-ad82-bec53b355e04",NA,NA,"831cefd7-10b8-4c21-8f04-30e5d3020d7b",NA,NA,NA,NA,NA,NA,"http://purl.org/spc/digilib/doc/pfj5w",NA,NA,NA,NA,NA,NA,"en",NA,NA,NA,"BID-PA2016-0002-REG","BID","Manta tow transect",NA,NA,NA,NA,NA,NA,NA,NA,NA,NA,NA,NA,NA,NA,NA,NA,NA,NA,NA,NA,NA,NA,NA,NA,NA,NA,NA,"Tridacna squamosa Lamarck, 1819"
179.308461,-16.271216,1848345865,"Tridacna squamosa Lamarck, 1819",-16.271216,179.308461,"osiic,colmano,inmafu","b5441d39-7564-4c70-bd9d-b90236808892","e15c40ad-b68e-4759-bab3-0c2ac9079215","6b459ded-20ca-46f2-8323-5f4eed4b9fde","NC","DWC_ARCHIVE","2021-02-26T15:53:07.164+00:00","2021-03-09T11:22:36.873+00:00",117,"cd3512e7-886c-4873-b629-740abe8ae74e","HUMAN_OBSERVATION","PRESENT",4372624,1,52,137,9529005,6858,4372618,4372624,4372624,"Tridacna squamosa Lamarck, 1819","Animalia","Mollusca","Cardiida","Cardiidae","Tridacna","Tridacna squamosa","Tridacna","squamosa","SPECIES","ACCEPTED",NA,2003,6,13,"2003-06-13T00:00:00","2021-03-09T11:22:36.873+00:00",NA,"http://creativecommons.org/licenses/by-nc/4.0/legalcode",FALSE,"WGS84","Bivalvia","FJ","Fiji",NA,"39368FF7-94DD-436E-87B0-BC118BD2E968_7659835D-B21F-41BA-8261-11CD30196B11","Kim Friedman",NA,NA,NA,1848345865,"39368FF7-94DD-436E-87B0-BC118BD2E968_7659835D-B21F-41BA-8261-11CD30196B11",NA,NA,NA,NA,NA,NA,NA,NA,NA,NA,"PROCFish/C",NA,NA,NA,"SPC",NA,NA,NA,NA,NA,NA,1,NA,"39368FF7-94DD-436E-87B0-BC118BD2E968",NA,NA,NA,NA,"86132833-1e2f-4d6f-ad82-bec53b355e04",NA,NA,"831cefd7-10b8-4c21-8f04-30e5d3020d7b",NA,NA,NA,NA,NA,NA,"http://purl.org/spc/digilib/doc/pfj5w",NA,NA,NA,NA,NA,NA,"en",NA,NA,NA,"BID-PA2016-0002-REG","BID","Mother of pearl search",NA,NA,NA,NA,NA,NA,NA,NA,NA,NA,NA,NA,NA,NA,NA,NA,NA,NA,NA,NA,NA,NA,NA,NA,NA,NA,NA,"Tridacna squamosa Lamarck, 1819"
179.303897,-16.325928,1848345898,"Tridacna squamosa Lamarck, 1819",-16.325928,179.303897,"osiic,colmano,inmafu","b5441d39-7564-4c70-bd9d-b90236808892","e15c40ad-b68e-4759-bab3-0c2ac9079215","6b459ded-20ca-46f2-8323-5f4eed4b9fde","NC","DWC_ARCHIVE","2021-02-26T15:53:07.164+00:00","2021-03-09T11:22:36.620+00:00",117,"cd3512e7-886c-4873-b629-740abe8ae74e","HUMAN_OBSERVATION","PRESENT",4372624,1,52,137,9529005,6858,4372618,4372624,4372624,"Tridacna squamosa Lamarck, 1819","Animalia","Mollusca","Cardiida","Cardiidae","Tridacna","Tridacna squamosa","Tridacna","squamosa","SPECIES","ACCEPTED",NA,2003,6,18,"2003-06-18T00:00:00","2021-03-09T11:22:36.620+00:00",NA,"http://creativecommons.org/licenses/by-nc/4.0/legalcode",FALSE,"WGS84","Bivalvia","FJ","Fiji",NA,"A1F0DF28-2B3E-4D03-9309-FE48D875BA13_7659835D-B21F-41BA-8261-11CD30196B11","Chris Ramofafia",NA,NA,NA,1848345898,"A1F0DF28-2B3E-4D03-9309-FE48D875BA13_7659835D-B21F-41BA-8261-11CD30196B11",NA,NA,NA,NA,NA,NA,NA,NA,NA,NA,"PROCFish/C",NA,NA,NA,"SPC",NA,NA,NA,NA,NA,NA,1,NA,"A1F0DF28-2B3E-4D03-9309-FE48D875BA13",NA,NA,NA,NA,"86132833-1e2f-4d6f-ad82-bec53b355e04",NA,NA,"831cefd7-10b8-4c21-8f04-30e5d3020d7b",NA,NA,NA,NA,NA,NA,"http://purl.org/spc/digilib/doc/pfj5w",NA,NA,NA,NA,NA,NA,"en",NA,NA,NA,"BID-PA2016-0002-REG","BID","Reef benthos transect",NA,NA,NA,NA,NA,NA,NA,NA,NA,NA,NA,NA,NA,NA,NA,NA,NA,NA,NA,NA,NA,NA,NA,NA,NA,NA,NA,"Tridacna squamosa Lamarck, 1819"
179.305589,-16.328491,1848346112,"Tridacna squamosa Lamarck, 1819",-16.328491,179.305589,"osiic,colmano,inmafu","b5441d39-7564-4c70-bd9d-b90236808892","e15c40ad-b68e-4759-bab3-0c2ac9079215","6b459ded-20ca-46f2-8323-5f4eed4b9fde","NC","DWC_ARCHIVE","2021-02-26T15:53:07.164+00:00","2021-03-09T11:22:36.462+00:00",117,"cd3512e7-886c-4873-b629-740abe8ae74e","HUMAN_OBSERVATION","PRESENT",4372624,1,52,137,9529005,6858,4372618,4372624,4372624,"Tridacna squamosa Lamarck, 1819","Animalia","Mollusca","Cardiida","Cardiidae","Tridacna","Tridacna squamosa","Tridacna","squamosa","SPECIES","ACCEPTED",NA,2003,6,18,"2003-06-18T00:00:00","2021-03-09T11:22:36.462+00:00",NA,"http://creativecommons.org/licenses/by-nc/4.0/legalcode",FALSE,"WGS84","Bivalvia","FJ","Fiji",NA,"717B36C6-E84E-40D4-9C89-2C88A7CEDA19_7659835D-B21F-41BA-8261-11CD30196B11","Kim Friedman",NA,NA,NA,1848346112,"717B36C6-E84E-40D4-9C89-2C88A7CEDA19_7659835D-B21F-41BA-8261-11CD30196B11",NA,NA,NA,NA,NA,NA,NA,NA,NA,NA,"PROCFish/C",NA,NA,NA,"SPC",NA,NA,NA,NA,NA,NA,2,NA,"717B36C6-E84E-40D4-9C89-2C88A7CEDA19",NA,NA,NA,NA,"86132833-1e2f-4d6f-ad82-bec53b355e04",NA,NA,"831cefd7-10b8-4c21-8f04-30e5d3020d7b",NA,NA,NA,NA,NA,NA,"http://purl.org/spc/digilib/doc/pfj5w",NA,NA,NA,NA,NA,NA,"en",NA,NA,NA,"BID-PA2016-0002-REG","BID","Reef benthos transect",NA,NA,NA,NA,NA,NA,NA,NA,NA,NA,NA,NA,NA,NA,NA,NA,NA,NA,NA,NA,NA,NA,NA,NA,NA,NA,NA,"Tridacna squamosa Lamarck, 1819"
179.304835,-16.329756,1848346515,"Tridacna squamosa Lamarck, 1819",-16.329756,179.304835,"osiic,colmano,inmafu","b5441d39-7564-4c70-bd9d-b90236808892","e15c40ad-b68e-4759-bab3-0c2ac9079215","6b459ded-20ca-46f2-8323-5f4eed4b9fde","NC","DWC_ARCHIVE","2021-02-26T15:53:07.164+00:00","2021-03-09T11:22:36.375+00:00",117,"cd3512e7-886c-4873-b629-740abe8ae74e","HUMAN_OBSERVATION","PRESENT",4372624,1,52,137,9529005,6858,4372618,4372624,4372624,"Tridacna squamosa Lamarck, 1819","Animalia","Mollusca","Cardiida","Cardiidae","Tridacna","Tridacna squamosa","Tridacna","squamosa","SPECIES","ACCEPTED",NA,2003,6,17,"2003-06-17T00:00:00","2021-03-09T11:22:36.375+00:00",NA,"http://creativecommons.org/licenses/by-nc/4.0/legalcode",FALSE,"WGS84","Bivalvia","FJ","Fiji",NA,"3ADBA02E-0C4D-4D30-AED4-DDDEF5701212_7659835D-B21F-41BA-8261-11CD30196B11","Chris Ramofafia",NA,NA,NA,1848346515,"3ADBA02E-0C4D-4D30-AED4-DDDEF5701212_7659835D-B21F-41BA-8261-11CD30196B11",NA,NA,NA,NA,NA,NA,NA,NA,NA,NA,"PROCFish/C",NA,NA,NA,"SPC",NA,NA,NA,NA,NA,NA,1,NA,"3ADBA02E-0C4D-4D30-AED4-DDDEF5701212",NA,NA,NA,NA,"86132833-1e2f-4d6f-ad82-bec53b355e04",NA,NA,"831cefd7-10b8-4c21-8f04-30e5d3020d7b",NA,NA,NA,NA,NA,NA,"http://purl.org/spc/digilib/doc/pfj5w",NA,NA,NA,NA,NA,NA,"en",NA,NA,NA,"BID-PA2016-0002-REG","BID","Reef benthos transect",NA,NA,NA,NA,NA,NA,NA,NA,NA,NA,NA,NA,NA,NA,NA,NA,NA,NA,NA,NA,NA,NA,NA,NA,NA,NA,NA,"Tridacna squamosa Lamarck, 1819"
178.56767,-18.7675,2579596478,"Tridacna squamosa Lamarck, 1819",-18.7675,178.56767,"gass84,osiic,colmano,inmano","7dc0d8a3-57da-4090-a959-69a0aad10285","d3ed306d-f994-4fb0-abeb-a9a373e20728","6b459ded-20ca-46f2-8323-5f4eed4b9fde","FJ","DWC_ARCHIVE","2021-03-26T09:04:33.726+00:00","2021-03-30T11:12:20.695+00:00",109,"cd3512e7-886c-4873-b629-740abe8ae74e","PRESERVED_SPECIMEN","PRESENT",4372624,1,52,137,9529005,6858,4372618,4372624,4372624,"Tridacna squamosa Lamarck, 1819","Animalia","Mollusca","Cardiida","Cardiidae","Tridacna","Tridacna squamosa","Tridacna","squamosa","SPECIES","ACCEPTED","Kadavu",2000,5,19,"2000-05-19T00:00:00","2021-03-30T11:12:20.695+00:00",NA,"http://creativecommons.org/licenses/by/4.0/legalcode",FALSE,"WGS84","Bivalvia","FJ","Fiji",NA,"e640b00c-6d45-11ea-bc55-0242ac130003","J F Koven",NA,NA,NA,2579596478,"e640b00c-6d45-11ea-bc55-0242ac130003","J F Koven",NA,NA,NA,NA,NA,NA,NA,NA,NA,"Marine",NA,"USPac:7244",NA,"USPac-SMS",NA,NA,NA,NA,NA,NA,1,31,NA,NA,NA,NA,NA,NA,NA,NA,NA,NA,NA,NA,NA,NA,NA,NA,NA,NA,"Kadavu",NA,NA,NA,NA,NA,NA,NA,"BID-PA2016-0002-REG","BID",NA,"dry","in collection","SPM005087",NA,NA,NA,NA,NA,NA,NA,NA,NA,NA,NA,NA,NA,NA,NA,NA,NA,NA,NA,NA,NA,NA,NA,NA,"Tridacna squamosa Lamarck, 1819"
178.5045,-18.70167,2579596295,"Tridacna squamosa Lamarck, 1819",-18.70167,178.5045,"gass84,osiic,colmano,inmano","7dc0d8a3-57da-4090-a959-69a0aad10285","d3ed306d-f994-4fb0-abeb-a9a373e20728","6b459ded-20ca-46f2-8323-5f4eed4b9fde","FJ","DWC_ARCHIVE","2021-03-26T09:04:33.726+00:00","2021-03-30T11:12:20.627+00:00",109,"cd3512e7-886c-4873-b629-740abe8ae74e","PRESERVED_SPECIMEN","PRESENT",4372624,1,52,137,9529005,6858,4372618,4372624,4372624,"Tridacna squamosa Lamarck, 1819","Animalia","Mollusca","Cardiida","Cardiidae","Tridacna","Tridacna squamosa","Tridacna","squamosa","SPECIES","ACCEPTED","Kadavu",1996,2,12,"1996-02-12T00:00:00","2021-03-30T11:12:20.627+00:00",NA,"http://creativecommons.org/licenses/by/4.0/legalcode",FALSE,"WGS84","Bivalvia","FJ","Fiji",NA,"e640a724-6d45-11ea-bc55-0242ac130003","J F Koven",NA,NA,NA,2579596295,"e640a724-6d45-11ea-bc55-0242ac130003","J F Koven",NA,NA,NA,NA,NA,NA,NA,NA,NA,"Marine",NA,"USPac:7238",NA,"USPac-SMS",NA,NA,NA,NA,NA,NA,1,33,NA,NA,NA,NA,NA,NA,NA,NA,NA,NA,NA,NA,NA,NA,NA,NA,NA,NA,"Kadavu",NA,NA,NA,NA,NA,NA,NA,"BID-PA2016-0002-REG","BID",NA,"dry","in collection","SPM005081",NA,NA,NA,NA,NA,NA,NA,NA,NA,NA,NA,NA,NA,NA,NA,NA,NA,NA,NA,NA,NA,NA,NA,NA,"Tridacna squamosa Lamarck, 1819"
178.52633,-18.67967,2579596124,"Tridacna squamosa Lamarck, 1819",-18.67967,178.52633,"gass84,osiic,colmano,inmano","7dc0d8a3-57da-4090-a959-69a0aad10285","d3ed306d-f994-4fb0-abeb-a9a373e20728","6b459ded-20ca-46f2-8323-5f4eed4b9fde","FJ","DWC_ARCHIVE","2021-03-26T09:04:33.726+00:00","2021-03-30T11:12:20.724+00:00",109,"cd3512e7-886c-4873-b629-740abe8ae74e","PRESERVED_SPECIMEN","PRESENT",4372624,1,52,137,9529005,6858,4372618,4372624,4372624,"Tridacna squamosa Lamarck, 1819","Animalia","Mollusca","Cardiida","Cardiidae","Tridacna","Tridacna squamosa","Tridacna","squamosa","SPECIES","ACCEPTED","Kadavu",1995,2,9,"1995-02-09T00:00:00","2021-03-30T11:12:20.724+00:00",NA,"http://creativecommons.org/licenses/by/4.0/legalcode",FALSE,"WGS84","Bivalvia","FJ","Fiji",NA,"e640a5e4-6d45-11ea-bc55-0242ac130003","J F Koven",NA,NA,NA,2579596124,"e640a5e4-6d45-11ea-bc55-0242ac130003","J F Koven",NA,NA,NA,NA,NA,NA,NA,NA,NA,"Marine",NA,"USPac:7237",NA,"USPac-SMS",NA,NA,NA,NA,NA,NA,1,NA,NA,NA,NA,NA,NA,NA,NA,NA,NA,NA,NA,NA,NA,NA,NA,NA,NA,NA,"Kadavu",NA,NA,NA,NA,NA,NA,NA,"BID-PA2016-0002-REG","BID",NA,"dry","in collection","SPM005080",NA,NA,NA,NA,NA,NA,NA,NA,NA,NA,NA,NA,NA,NA,NA,NA,NA,NA,NA,NA,NA,NA,NA,NA,"Tridacna squamosa Lamarck, 1819"
178.4645,-18.77933,2579596270,"Tridacna squamosa Lamarck, 1819",-18.77933,178.4645,"gass84,osiic,colmano,inmano","7dc0d8a3-57da-4090-a959-69a0aad10285","d3ed306d-f994-4fb0-abeb-a9a373e20728","6b459ded-20ca-46f2-8323-5f4eed4b9fde","FJ","DWC_ARCHIVE","2021-03-26T09:04:33.726+00:00","2021-03-30T11:12:20.667+00:00",109,"cd3512e7-886c-4873-b629-740abe8ae74e","PRESERVED_SPECIMEN","PRESENT",4372624,1,52,137,9529005,6858,4372618,4372624,4372624,"Tridacna squamosa Lamarck, 1819","Animalia","Mollusca","Cardiida","Cardiidae","Tridacna","Tridacna squamosa","Tridacna","squamosa","SPECIES","ACCEPTED","Kadavu",1995,2,9,"1995-02-09T00:00:00","2021-03-30T11:12:20.667+00:00",NA,"http://creativecommons.org/licenses/by/4.0/legalcode",FALSE,"WGS84","Bivalvia","FJ","Fiji",NA,"e640ac92-6d45-11ea-bc55-0242ac130003","J F Koven",NA,NA,NA,2579596270,"e640ac92-6d45-11ea-bc55-0242ac130003","J F Koven",NA,NA,NA,NA,NA,NA,NA,NA,NA,"Marine",NA,"USPac:7241",NA,"USPac-SMS",NA,NA,NA,NA,NA,NA,1,NA,NA,NA,NA,NA,NA,NA,NA,NA,NA,NA,NA,NA,NA,NA,NA,NA,NA,NA,"Kadavu",NA,NA,NA,NA,NA,NA,NA,"BID-PA2016-0002-REG","BID",NA,"dry","in collection","SPM005084",NA,NA,NA,NA,NA,NA,NA,NA,NA,NA,NA,NA,NA,NA,NA,NA,NA,NA,NA,NA,NA,NA,NA,NA,"Tridacna squamosa Lamarck, 1819"
178.53233,-18.70117,2579596316,"Tridacna squamosa Lamarck, 1819",-18.70117,178.53233,"gass84,osiic,colmano,inmano","7dc0d8a3-57da-4090-a959-69a0aad10285","d3ed306d-f994-4fb0-abeb-a9a373e20728","6b459ded-20ca-46f2-8323-5f4eed4b9fde","FJ","DWC_ARCHIVE","2021-03-26T09:04:33.726+00:00","2021-03-30T11:12:20.661+00:00",109,"cd3512e7-886c-4873-b629-740abe8ae74e","PRESERVED_SPECIMEN","PRESENT",4372624,1,52,137,9529005,6858,4372618,4372624,4372624,"Tridacna squamosa Lamarck, 1819","Animalia","Mollusca","Cardiida","Cardiidae","Tridacna","Tridacna squamosa","Tridacna","squamosa","SPECIES","ACCEPTED","Kadavu",1995,2,9,"1995-02-09T00:00:00","2021-03-30T11:12:20.661+00:00",NA,"http://creativecommons.org/licenses/by/4.0/legalcode",FALSE,"WGS84","Bivalvia","FJ","Fiji",NA,"e640ab34-6d45-11ea-bc55-0242ac130003","J F Koven",NA,NA,NA,2579596316,"e640ab34-6d45-11ea-bc55-0242ac130003","J F Koven",NA,NA,NA,NA,NA,NA,NA,NA,NA,"Marine",NA,"USPac:7240",NA,"USPac-SMS",NA,NA,NA,NA,NA,NA,1,38,NA,NA,NA,NA,NA,NA,NA,NA,NA,NA,NA,NA,NA,NA,NA,NA,NA,NA,"Kadavu",NA,NA,NA,NA,NA,NA,NA,"BID-PA2016-0002-REG","BID",NA,"dry","in collection","SPM005083",NA,NA,NA,NA,NA,NA,NA,NA,NA,NA,NA,NA,NA,NA,NA,NA,NA,NA,NA,NA,NA,NA,NA,NA,"Tridacna squamosa Lamarck, 1819"
178.50783,-18.651,2579596489,"Tridacna squamosa Lamarck, 1819",-18.651,178.50783,"gass84,osiic,colmano,inmano","7dc0d8a3-57da-4090-a959-69a0aad10285","d3ed306d-f994-4fb0-abeb-a9a373e20728","6b459ded-20ca-46f2-8323-5f4eed4b9fde","FJ","DWC_ARCHIVE","2021-03-26T09:04:33.726+00:00","2021-03-30T11:12:20.628+00:00",109,"cd3512e7-886c-4873-b629-740abe8ae74e","PRESERVED_SPECIMEN","PRESENT",4372624,1,52,137,9529005,6858,4372618,4372624,4372624,"Tridacna squamosa Lamarck, 1819","Animalia","Mollusca","Cardiida","Cardiidae","Tridacna","Tridacna squamosa","Tridacna","squamosa","SPECIES","ACCEPTED","Kadavu",1995,2,9,"1995-02-09T00:00:00","2021-03-30T11:12:20.628+00:00",NA,"http://creativecommons.org/licenses/by/4.0/legalcode",FALSE,"WGS84","Bivalvia","FJ","Fiji",NA,"e640a4b8-6d45-11ea-bc55-0242ac130003","J F Koven",NA,NA,NA,2579596489,"e640a4b8-6d45-11ea-bc55-0242ac130003","J F Koven",NA,NA,NA,NA,NA,NA,NA,NA,NA,"Marine",NA,"USPac:7236",NA,"USPac-SMS",NA,NA,NA,NA,NA,NA,1,47,NA,NA,NA,NA,NA,NA,NA,NA,NA,NA,NA,NA,NA,NA,NA,NA,NA,NA,"Kadavu",NA,NA,NA,NA,NA,NA,NA,"BID-PA2016-0002-REG","BID",NA,"dry","in collection","SPM005079",NA,NA,NA,NA,NA,NA,NA,NA,NA,NA,NA,NA,NA,NA,NA,NA,NA,NA,NA,NA,NA,NA,NA,NA,"Tridacna squamosa Lamarck, 1819"
178.466,-18.756,2579596272,"Tridacna squamosa Lamarck, 1819",-18.756,178.466,"gass84,osiic,colmano,inmano","7dc0d8a3-57da-4090-a959-69a0aad10285","d3ed306d-f994-4fb0-abeb-a9a373e20728","6b459ded-20ca-46f2-8323-5f4eed4b9fde","FJ","DWC_ARCHIVE","2021-03-26T09:04:33.726+00:00","2021-03-30T11:12:20.638+00:00",109,"cd3512e7-886c-4873-b629-740abe8ae74e","PRESERVED_SPECIMEN","PRESENT",4372624,1,52,137,9529005,6858,4372618,4372624,4372624,"Tridacna squamosa Lamarck, 1819","Animalia","Mollusca","Cardiida","Cardiidae","Tridacna","Tridacna squamosa","Tridacna","squamosa","SPECIES","ACCEPTED","Kadavu",1991,6,7,"1991-06-07T00:00:00","2021-03-30T11:12:20.638+00:00",NA,"http://creativecommons.org/licenses/by/4.0/legalcode",FALSE,"WGS84","Bivalvia","FJ","Fiji",NA,"e640adaa-6d45-11ea-bc55-0242ac130003","J F Koven",NA,NA,NA,2579596272,"e640adaa-6d45-11ea-bc55-0242ac130003","J F Koven",NA,NA,NA,NA,NA,NA,NA,NA,NA,"Marine",NA,"USPac:7242",NA,"USPac-SMS",NA,NA,NA,NA,NA,NA,1,NA,NA,NA,NA,NA,NA,NA,NA,NA,NA,NA,NA,NA,NA,NA,NA,NA,NA,NA,"Kadavu",NA,NA,NA,NA,NA,NA,NA,"BID-PA2016-0002-REG","BID",NA,"dry","in collection","SPM005085",NA,NA,NA,NA,NA,NA,NA,NA,NA,NA,NA,NA,NA,NA,NA,NA,NA,NA,NA,NA,NA,NA,NA,NA,"Tridacna squamosa Lamarck, 1819"
178.133333,-18.316667,476986094,"Tridacna squamosa Lamarck, 1819",-18.316667,178.133333,"osiic,colmafu,inmafu","4bfac3ea-8763-4f4b-a71a-76a6f5f243d3","b4640710-8e03-11d8-b956-b8a03c50a862","b0f5183c-5ed0-47f4-b75f-65e0c1036cb5","US","DWC_ARCHIVE","2021-05-14T21:02:59.669+00:00","2021-05-14T21:44:56.886+00:00",362,"b4640710-8e03-11d8-b956-b8a03c50a862","PRESERVED_SPECIMEN","PRESENT",4372624,1,52,137,9529005,6858,4372618,4372624,4372624,"Tridacna squamosa Lamarck, 1819","Animalia","Mollusca","Cardiida","Cardiidae","Tridacna","Tridacna squamosa","Tridacna","squamosa","SPECIES","ACCEPTED",NA,1940,1,1,"1940-01-01T00:00:00","2021-05-14T21:44:56.886+00:00","http://mczbase.mcz.harvard.edu/guid/MCZ:Mala:229675","http://creativecommons.org/licenses/by-nc/4.0/legalcode",FALSE,"WGS84","Bivalvia","FJ","Fiji",NA,"MCZ:Mala:229675","Ted Drauga",NA,NA,NA,476986094,"MCZ:Mala:229675","[no agent data]",NA,301,NA,"President and Fellows of Harvard College",NA,NA,"1940",NA,"Fiji, Bega Id.","Mala",NA,"229675",NA,"MCZ",NA,NA,"Entered from ledger.",NA,NA,"Bega Id.",2,NA,NA,NA,NA,NA,NA,NA,NA,NA,"1cfca87c-083e-4d67-8e60-cb7d311f6058",NA,NA,NA,NA,"PhysicalObject","Museum of Comparative Zoology, Harvard University",NA,"GEOLocate batch georeferencing, 2019-06-10","GEOLocate",NA,"{}",NA,NA,"en",NA,NA,NA,NA,NA,NA,"valve (dry)","in collection","malacology accession number=1003",NA,"66df5945-b2fd-4136-8566-1d085c3213fe","b4640710-8e03-11d8-b956-b8a03c50a862","Oceania: Fiji: Fiji Islands",NA,0,"Animalia Mollusca Bivalvia Heterodonta Veneroida Cardioidea Tridacnidae Tridacna squamosa",NA,"decimal degrees","OCEANIA","Fiji Islands","http://vocab.getty.edu/tgn/7000493","ICZN","[no agent data]","unverified","[UNDER REVIEW; GEOLOCATE_SCORE: 34; GEOLOCATE_PRECISION: Low; GEOLOCATE_NUMRESULTS: 3]",NA,NA,NA,NA,NA,NA,NA,NA,"Tridacna squamosa Lamarck, 1819"
178.183333,-19.083333,477099266,"Tridacna squamosa Lamarck, 1819",-19.083333,178.183333,"osiic,colmafu,inmafu","4bfac3ea-8763-4f4b-a71a-76a6f5f243d3","b4640710-8e03-11d8-b956-b8a03c50a862","b0f5183c-5ed0-47f4-b75f-65e0c1036cb5","US","DWC_ARCHIVE","2021-05-14T21:02:59.669+00:00","2021-05-14T21:45:04.317+00:00",362,"b4640710-8e03-11d8-b956-b8a03c50a862","PRESERVED_SPECIMEN","PRESENT",4372624,1,52,137,9529005,6858,4372618,4372624,4372624,"Tridacna squamosa Lamarck, 1819","Animalia","Mollusca","Cardiida","Cardiidae","Tridacna","Tridacna squamosa","Tridacna","squamosa","SPECIES","ACCEPTED",NA,NA,NA,NA,NA,"2021-05-14T21:45:04.317+00:00","http://mczbase.mcz.harvard.edu/guid/MCZ:Mala:119998","http://creativecommons.org/licenses/by-nc/4.0/legalcode",FALSE,"WGS84","Bivalvia","FJ","Fiji",NA,"MCZ:Mala:119998","Robert Tucker Abbott",NA,NA,NA,477099266,"MCZ:Mala:119998","[no agent data]",NA,301,NA,"President and Fellows of Harvard College",NA,NA,"[no verbatim date data]",NA,"Fiji Ids., Viti Levu Id., 3 mi. W. of Rovondran Bay, Beach at Ngaloa","Mala",NA,"119998",NA,"MCZ",NA,NA,"Entered from ledger.",NA,NA,"Viti Levu Id., 3 mi. W. of Rovondran Bay, Beach at Ngaloa",1,NA,NA,NA,NA,NA,NA,NA,NA,NA,"1cfca87c-083e-4d67-8e60-cb7d311f6058",NA,NA,NA,NA,"PhysicalObject","Museum of Comparative Zoology, Harvard University",NA,"GEOLocate batch georeferencing, 2019-06-10","GEOLocate",NA,"{}",NA,NA,"en",NA,NA,NA,NA,NA,NA,"shell (dry)","in collection","malacology accession number=1116; previous number=8",NA,"66df5945-b2fd-4136-8566-1d085c3213fe","b4640710-8e03-11d8-b956-b8a03c50a862","Oceania: Fiji: Fiji Islands",NA,NA,"Animalia Mollusca Bivalvia Heterodonta Veneroida Cardioidea Tridacnidae Tridacna squamosa",NA,"decimal degrees","OCEANIA","Fiji Islands","http://vocab.getty.edu/tgn/7000493","ICZN","[no agent data]","unverified","[UNDER REVIEW; GEOLOCATE_SCORE: 51; GEOLOCATE_PRECISION: Medium; GEOLOCATE_NUMRESULTS: 7]",NA,NA,NA,NA,NA,NA,NA,NA,"Tridacna squamosa Lamarck, 1819"
